candidate_id,smiles,did,name,source
16,P(C(C)(C)C)(C(C)(C)C)C(C)(C)C,,quest_16,legacy_quest
41,P(C(C)(C)C)(C(C)(C)C)CC(C),,quest_41,legacy_quest
42,P(C(C)(C)C)(C(C)(C)C)[CH2]C(C)(C)C,,quest_42,legacy_quest
43,P(C(C)(C)C)(C(C)(C)C)C1CCCCC1,,quest_43,legacy_quest
45,P(C(C)(C)C)(C(C)(C)C)C12CC3CC(C1)CC(C3)C2,,quest_45,legacy_quest
54,P(C12CC3CC(C1)CC(C3)C2)(C12CC3CC(C1)CC(C3)C2)CCCC,,quest_54,legacy_quest
55,P(C12CC3CC(C1)CC(C3)C2)(C12CC3CC(C1)CC(C3)C2)C(C)(C)C,,quest_55,legacy_quest
113,CC(C)(C)P(c1ccccc1)C(C)(C)C,,quest_113,legacy_quest
142,CC(C)(P1C(CC(CC1C)=O)C)C,,quest_142,legacy_quest
143,CC(P(C(C)(C)C1)c2ccccc2)(C)CC1=O,,quest_143,legacy_quest
21,P(C1CCCCC1)(C1CCCCC1)C1CCCCC1,,quest_21,legacy_quest
1,[PH3],,quest_1,legacy_quest
2,P(C)(C)C,,quest_2,legacy_quest
3,P(C(F)(F)F)(C(F)(F)F)C(F)(F)F,,quest_3,legacy_quest
4,P(C(Cl)(Cl)Cl)(C(Cl)(Cl)Cl)C(Cl)(Cl)Cl,,quest_4,legacy_quest
5,P(CC)(CC)CC,,quest_5,legacy_quest
6,P(C(F)(F)C(F)(F)F)(C(F)(F)C(F)(F)F)C(F)(F)C(F)(F)F,,quest_6,legacy_quest
7,P([CH2]C(F)(F)F)([CH2]C(F)(F)F)[CH2]C(F)(F)F,,quest_7,legacy_quest
8,P(C(=O)C)(C(=O)C)C(=O)C,,quest_8,legacy_quest
9,P(CCC)(CCC)CCC,,quest_9,legacy_quest
10,P(CC(C))(CC(C))CC(C),,quest_10,legacy_quest
11,P([CH2]CC#N)([CH2]CC#N)[CH2]CC#N,,quest_11,legacy_quest
12,P([CH2]CCCO)([CH2]CCCO)[CH2]CCCO,,quest_12,legacy_quest
13,P(CCCC)(CCCC)CCCC,,quest_13,legacy_quest
14,P([CH2]C(C)C)([CH2]C(C)C)[CH2]C(C)C,,quest_14,legacy_quest
15,P(C(C)CC)(C(C)CC)C(C)CC,,quest_15,legacy_quest
17,P(c1ccco1)(c1ccco1)c1ccco1,,quest_17,legacy_quest
18,P(C1CCCO1)(C1CCCO1)C1CCCO1,,quest_18,legacy_quest
19,P([CH2]C(C)(C)C)([CH2]C(C)(C)C)[CH2]C(C)(C)C,,quest_19,legacy_quest
20,P(C1CCCC1)(C1CCCC1)C1CCCC1,,quest_20,legacy_quest
22,P(Cc1ccccc1)(Cc1ccccc1)Cc1ccccc1,,quest_22,legacy_quest
23,C(=O)O[PH2],,quest_23,legacy_quest
24,[PH](C)C,,quest_24,legacy_quest
25,P(C)(C)C(F)(F)F,,quest_25,legacy_quest
26,P(C)(C)CC,,quest_26,legacy_quest
27,P(C)(C)C(=O)C,,quest_27,legacy_quest
28,P(C)(C)CCC,,quest_28,legacy_quest
29,P(C)(C)CC(C),,quest_29,legacy_quest
30,P(C)(C)C(C)(C)C,,quest_30,legacy_quest
31,P(C)(C)Cc1ccccc1,,quest_31,legacy_quest
32,P(C(F)(F)F)(C(F)(F)F)C,,quest_32,legacy_quest
33,P(CC)(CC)C,,quest_33,legacy_quest
34,P(C(=O)C)(C(=O)C)C,,quest_34,legacy_quest
35,P(CC(C))(CC(C))C,,quest_35,legacy_quest
36,P(CC(C))(CC(C))C(C)CC,,quest_36,legacy_quest
37,P(CC(C))(CC(C))C(C)(C)C,,quest_37,legacy_quest
38,P(C(C)CC)(C(C)CC)CC(C),,quest_38,legacy_quest
39,P(C(C)CC)(C(C)CC)C1CCCCC1,,quest_39,legacy_quest
40,P(C(C)(C)C)(C(C)(C)C)C,,quest_40,legacy_quest
44,P(C(C)(C)C)(C(C)(C)C)Cc1ccccc1,,quest_44,legacy_quest
46,P(C(C)(C)C)(C(C)(C)C)C1C2CC3CC1CC(C2)C3,,quest_46,legacy_quest
47,P([CH2]C(C)(C)C)([CH2]C(C)(C)C)C(C)(C)C,,quest_47,legacy_quest
48,P(C1CCCCC1)(C1CCCCC1)C,,quest_48,legacy_quest
49,P(C1CCCCC1)(C1CCCCC1)C(C)CC,,quest_49,legacy_quest
50,P(C1CCCCC1)(C1CCCCC1)C(C)(C)C,,quest_50,legacy_quest
51,P(Cc1ccccc1)(Cc1ccccc1)C(C)(C)C,,quest_51,legacy_quest
52,P(Cc1ccccc1)(Cc1ccccc1)C12CC3CC(C1)CC(C3)C2,,quest_52,legacy_quest
53,[PH](C12CC3CC(C1)CC(C3)C2)C12CC3CC(C1)CC(C3)C2,,quest_53,legacy_quest
56,C=CP(C=C)C=C,,quest_56,legacy_quest
57,C=CP(C)C=C,,quest_57,legacy_quest
58,C=CP(C=C)C(F)(F)F,,quest_58,legacy_quest
59,C=CP(C=C)c1ccccc1,,quest_59,legacy_quest
60,c1(C2c3ccccc3C4C(C5=CC=CC=C5)=C2P(C6CCCCC6)C7CCCCC7)c4cccc1,,quest_60,legacy_quest
61,CC(C)(C)P(C(C)(C)C)C1(C)CC1(c2ccccc2)c3ccccc3,,quest_61,legacy_quest
62,P([Si](C)(C)C)([Si](C)(C)C)[Si](C)(C)C,,quest_62,legacy_quest
63,c1ccc(P(c2ccccc2)c2ccccc2)cc1,,quest_63,legacy_quest
64,Fc1ccccc1P(c1ccccc1F)c1ccccc1F,,quest_64,legacy_quest
65,Fc1cccc(P(c2cccc(F)c2)c2cccc(F)c2)c1,,quest_65,legacy_quest
66,Fc1ccc(P(c2ccc(F)cc2)c2ccc(F)cc2)cc1,,quest_66,legacy_quest
67,Clc1ccccc1P(c1ccccc1Cl)c1ccccc1Cl,,quest_67,legacy_quest
68,Clc1cccc(P(c2cccc(Cl)c2)c2cccc(Cl)c2)c1,,quest_68,legacy_quest
69,Clc1ccc(P(c2ccc(Cl)cc2)c2ccc(Cl)cc2)cc1,,quest_69,legacy_quest
70,Fc1c(F)c(F)c(P(c2c(F)c(F)c(F)c(F)c2F)c2c(F)c(F)c(F)c(F)c2F)c(F)c1F,,quest_70,legacy_quest
71,O=S(=O)(O)c1cccc(P(c2cccc(S(=O)(=O)O)c2)c2cccc(S(=O)(=O)O)c2)c1,,quest_71,legacy_quest
72,Cc1nc(P(c2nc(C)ccc2)c3nc(C)ccc3)ccc1,,quest_72,legacy_quest
73,Cc1ccccc1P(c1ccccc1C)c1ccccc1C,,quest_73,legacy_quest
74,Cc1cccc(P(c2cccc(C)c2)c2cccc(C)c2)c1,,quest_74,legacy_quest
75,Cc1ccc(P(c2ccc(C)cc2)c2ccc(C)cc2)cc1,,quest_75,legacy_quest
76,COc1ccccc1P(c1ccccc1OC)c1ccccc1OC,,quest_76,legacy_quest
77,COc1cccc(P(c2cccc(OC)c2)c2cccc(OC)c2)c1,,quest_77,legacy_quest
78,COc1ccc(P(c2ccc(OC)cc2)c2ccc(OC)cc2)cc1,,quest_78,legacy_quest
79,FC(F)(F)c1ccccc1P(c1ccccc1C(F)(F)F)c1ccccc1C(F)(F)F,,quest_79,legacy_quest
80,FC(F)(F)c1ccc(P(c2ccc(C(F)(F)F)cc2)c2ccc(C(F)(F)F)cc2)cc1,,quest_80,legacy_quest
81,CN(C)c1ccc(P(c2ccc(N(C)C)cc2)c2ccc(N(C)C)cc2)cc1,,quest_81,legacy_quest
82,FC(F)(F)c1cc(P(c2cc(C(F)(F)F)cc(C(F)(F)F)c2)c2cc(C(F)(F)F)cc(C(F)(F)F)c2)cc(C(F)(F)F)c1,,quest_82,legacy_quest
83,COc1c(C)cc(P(c2cc(C)c(OC)c(C)c2)c2cc(C)c(OC)c(C)c2)cc1C,,quest_83,legacy_quest
84,CC(C)(C)c1cccc(P(c2cccc(C(C)(C)C)c2)c2cccc(C(C)(C)C)c2)c1,,quest_84,legacy_quest
86,c1ccc2c(P(c3cccc4ccccc34)c3cccc4ccccc34)cccc2c1,,quest_86,legacy_quest
87,Fc1c(F)c(F)c(P(c2ccccc2)c2ccccc2)c(F)c1F,,quest_87,legacy_quest
88,O=S(P(C1=CC=CC=C1)C2=CC=CC=C2)(O)=O,,quest_88,legacy_quest
89,Cc1ccccc1P(c1ccccc1)c1ccccc1,,quest_89,legacy_quest
90,COc1ccccc1P(c1ccccc1)c1ccccc1,,quest_90,legacy_quest
91,O=C(O)c1ccccc1P(c1ccccc1)c1ccccc1,,quest_91,legacy_quest
92,O=C(O)c1ccc(P(c2ccccc2)c2ccccc2)cc1,,quest_92,legacy_quest
94,Fc1c(F)c(F)c(P(c2ccccc2)c2c(F)c(F)c(F)c(F)c2F)c(F)c1F,,quest_94,legacy_quest
95,Cc1ccccc1P(c1ccccc1)c1ccccc1C,,quest_95,legacy_quest
96,COc1ccccc1P(c1ccccc1)c1ccccc1OC,,quest_96,legacy_quest
97,CP(c1ccccc1)c1ccccc1,,quest_97,legacy_quest
98,FC(F)(F)P(c1ccccc1)c1ccccc1,,quest_98,legacy_quest
99,CCP(c1ccccc1)c1ccccc1,,quest_99,legacy_quest
100,CC(=O)P(c1ccccc1)c1ccccc1,,quest_100,legacy_quest
101,CC(C)P(c1ccccc1)c1ccccc1,,quest_101,legacy_quest
102,CC(C)(C)P(c1ccccc1)c1ccccc1,,quest_102,legacy_quest
103,c1ccc(P(c2ccccc2)C2CCCCC2)cc1,,quest_103,legacy_quest
104,c1ccc(CP(c2ccccc2)c2ccccc2)cc1,,quest_104,legacy_quest
105,C[C@H]1C[C@H](P(C2=CC=CC=C2)C3=CC=CC=C3)[C@H](C(C)C)CC1,,quest_105,legacy_quest
106,CC(C)(C)P(c1c(F)c(F)c(F)c(F)c1F)c1c(F)c(F)c(F)c(F)c1F,,quest_106,legacy_quest
107,CP(C)c1ccccc1,,quest_107,legacy_quest
108,FC(F)(F)P(c1ccccc1)C(F)(F)F,,quest_108,legacy_quest
109,CCP(CC)c1ccccc1,,quest_109,legacy_quest
110,CC(=O)P(C(C)=O)c1ccccc1,,quest_110,legacy_quest
111,CC(C)P(c1ccccc1)C(C)C,,quest_111,legacy_quest
112,CCC(C)P(c1ccccc1)C(C)CC,,quest_112,legacy_quest
114,c1ccc(P(C2CCCCC2)C2CCCCC2)cc1,,quest_114,legacy_quest
115,c1ccc(CP(Cc2ccccc2)c2ccccc2)cc1,,quest_115,legacy_quest
116,CC(C)(C)P(c1c(F)c(F)c(F)c(F)c1F)C(C)(C)C,,quest_116,legacy_quest
117,Cc1cccc(P(C)C)c1,,quest_117,legacy_quest
118,Cc1ccc(P(C)C)cc1,,quest_118,legacy_quest
120,CC(C)c1cccc(C(C)C)c1P(C1CCCCC1)C1CCCCC1,,quest_120,legacy_quest
121,CC(C)c1cc(C(C)C)c(P(C2CCCCC2)C2CCCCC2)c(C(C)C)c1,,quest_121,legacy_quest
124,CC(C)(C)P1CCCC1,,quest_124,legacy_quest
125,c1ccccc1P1CCCC1,,quest_125,legacy_quest
126,c1ccccc1P1CC(C)CC(C)1,,quest_126,legacy_quest
127,CC1P(C2=NC(NC(C(C)(C)C)=O)=CS2)C(C)CC1,,quest_127,legacy_quest
128,C1(C2=CC=CC=C2)NNC(C3=CC=CC=C3)P1C4=CC=CC=C4,,quest_128,legacy_quest
129,N1(CCCC2)N2C(C3=CC=CC=C3)P(C4=CC=CC=C4)C1C5=CC=CC=C5,,quest_129,legacy_quest
130,O=C(c1ccccc1C2=O)N3N2C(C(C)C)P(C4CCCCC4)C3C(C)C,,quest_130,legacy_quest
131,O=C(c1ccccc1C2=O)N3N2C(C(C)(C)C)P(C4CCCCC4)C3C(C)(C)C,,quest_131,legacy_quest
132,O=C(c1ccccc1C2=O)N3N2C(c4ccccc4)P(c4ccccc4)C3c4ccccc4,,quest_132,legacy_quest
133,O=C(c1ccccc1C2=O)N3N2C(c4c(F)c(F)c(F)c(F)c4F)P(c4ccccc4)C3c4c(F)c(F)c(F)c(F)c4F,,quest_133,legacy_quest
134,O=C(c1ccccc1C2=O)N3N2C(c4cccc5ccccc45)P(C4CCCCC4)C3c4cccc5ccccc45,,quest_134,legacy_quest
135,CP1c2ccccc2-c2ccccc2C1,,quest_135,legacy_quest
136,c1ccccc1P1c2ccccc2-c2ccccc2C1,,quest_136,legacy_quest
137,CC(C)(C)P1CCCCC1,,quest_137,legacy_quest
138,c1ccccc1P1CCCCC1,,quest_138,legacy_quest
139,O=C1CC([H])([H])P(C2=CC=CC=C2)C([H])([H])C1,,quest_139,legacy_quest
140,O=C1C[C](c2ccccc2)P(c3ccccc3)[C](c4ccccc4)C1,,quest_140,legacy_quest
141,O=C1[C](c2ccccc2)CP(c3ccccc3)C(c4ccccc4)C1,,quest_141,legacy_quest
144,CC(C)(C)P1CCCCCC1,,quest_144,legacy_quest
145,c1ccccc1P1CCCCCC1,,quest_145,legacy_quest
146,CP1C2CCCC1CCC2,,quest_146,legacy_quest
147,CP1C2CCCCC1CC2,,quest_147,legacy_quest
148,CP1C2CCCCC1CC2,,quest_148,legacy_quest
149,CP1[C@@H](C2)O[C@@H]3C[C@H]1O[C@H]2O3,,quest_149,legacy_quest
150,FP1[C@](C2)(C)O[C@]3(C)C[C@@]1(C)O[C@H]2O3,,quest_150,legacy_quest
151,ClP1[C@](C2)(C)O[C@]3(C)C[C@@]1(C)O[C@H]2O3,,quest_151,legacy_quest
152,CP1[C@](C2)(C)O[C@]3(C)C[C@@]1(C)O[C@H]2O3,,quest_152,legacy_quest
153,FC(F)(F)P1[C@](C2)(C)O[C@]3(C)C[C@@]1(C)O[C@H]2O3,,quest_153,legacy_quest
154,CC(C)P1[C@](C2)(C)O[C@]3(C)C[C@@]1(C)O[C@H]2O3,,quest_154,legacy_quest
155,CCC(C)P1[C@](C2)(C)O[C@]3(C)C[C@@]1(C)O[C@H]2O3,,quest_155,legacy_quest
156,CC(C)(C)P1[C@](C2)(C)O[C@]3(C)C[C@@]1(C)O[C@H]2O3,,quest_156,legacy_quest
157,C1CCCCC1P2[C@](C3)(C)O[C@]4(C)C[C@@]2(C)O[C@H]3O4,,quest_157,legacy_quest
158,c1ccccc1P1[C@](C2)(C)O[C@]3(C)C[C@@]1(C)O[C@H]2O3,,quest_158,legacy_quest
159,CP(C)c1ccccc1-c1ccccc1,,quest_159,legacy_quest
160,CC(C)P(c1ccccc1-c1ccccc1)C(C)C,,quest_160,legacy_quest
161,CCC(C)P(c1ccccc1-c1ccccc1)C(C)CC,,quest_161,legacy_quest
162,CC(C)(C)P(c1ccccc1-c1ccccc1)C(C)(C)C,,quest_162,legacy_quest
163,C1CCCC1P(c2ccccc2-c3ccccc3)C4CCCC4,,quest_163,legacy_quest
164,C1CCCCC1P(c2ccccc2-c3ccccc3)C4CCCCC4,,quest_164,legacy_quest
165,c1ccc(-c2ccccc2P(c2ccccc2)c2ccccc2)cc1,,quest_165,legacy_quest
166,Cc1ccccc1-c1ccccc1P(C(C)(C)C)C(C)(C)C,,quest_166,legacy_quest
167,Cc1ccccc1-c1ccccc1P(C1CCCCC1)C1CCCCC1,,quest_167,legacy_quest
168,CN(C)c1ccccc1-c1ccccc1P(C(C)(C)C)C(C)(C)C,,quest_168,legacy_quest
169,CN(C)c1ccccc1-c1ccccc1P(C1CCCCC1)C1CCCCC1,,quest_169,legacy_quest
170,CN(C)c1ccccc1-c1ccccc1P(c1ccccc1)c1ccccc1,,quest_170,legacy_quest
171,CN(C)c1cccc(N(C)C)c1-c1ccccc1P(C1CCCCC1)C1CCCCC1,,quest_171,legacy_quest
172,COc1cccc(OC)c1-c1ccccc1P(C(C)(C)C)C(C)(C)C,,quest_172,legacy_quest
173,COc1cccc(OC)c1-c1ccccc1P(C1CCCCC1)C1CCCCC1,,quest_173,legacy_quest
174,CC(C)Oc1cccc(OC(C)C)c1-c1ccccc1P(C(C)(C)C)C(C)(C)C,,quest_174,legacy_quest
175,CC(C)Oc1cccc(OC(C)C)c1-c1ccccc1P(C1CCCCC1)C1CCCCC1,,quest_175,legacy_quest
176,Cc1cc(C)c(-c2ccccc2P(c2ccccc2C)c2ccccc2C)c(C)c1,,quest_176,legacy_quest
177,CC(C)c1cc(C(C)C)c(-c2ccccc2P(C(C)C)C(C)C)c(C(C)C)c1,,quest_177,legacy_quest
178,CCC(C)P(c1ccccc1-c1c(C(C)C)cc(C(C)C)cc1C(C)C)C(C)CC,,quest_178,legacy_quest
179,CC(C)c1cc(C(C)C)c(-c2ccccc2P(C(C)(C)C)C(C)(C)C)c(C(C)C)c1,,quest_179,legacy_quest
180,CC(C)c1cc(C(C)C)c(-c2ccccc2P(C2CCCCC2)C2CCCCC2)c(C(C)C)c1,,quest_180,legacy_quest
181,CC(C)(C)P(c1ccn(-c2ccccc2)c1)C(C)(C)C,,quest_181,legacy_quest
182,C1CCCCC1P(c2ccn(-c3ccccc3)c2)C4CCCCC4,,quest_182,legacy_quest
183,Cc1cc(C)c(-n2ccnc2P(C2CCCCC2)C2CCCCC2)c(C)c1,,quest_183,legacy_quest
184,c12ccccc1C(P(C3CCCCC3)C4CCCCC4)(CC5=CC=CC=C5)c6ccccc26,,quest_184,legacy_quest
185,CN1C(c2ccccc2P(C3CCCCC3)C4CCCCC4)Cc5c1cccc5,,quest_185,legacy_quest
186,COc1c(c2c(C3=CC=CC=C3)cccc2P(C4=CC=CC=C4)C5=CC=CC=C5)c6ccccc6cc1,,quest_186,legacy_quest
187,CC(P(c1ccc2ccccc2c1c3cccc4ccccc43)C(C)(C)C)(C)C,,quest_187,legacy_quest
188,c12ccccc1c3ccccc3c(c4ccccc4P(C5CCCCC5)C6CCCCC6)c2,,quest_188,legacy_quest
189,FP(F)F,,quest_189,legacy_quest
190,ClP(Cl)Cl,,quest_190,legacy_quest
191,BrP(Br)Br,,quest_191,legacy_quest
192,IP(I)I,,quest_192,legacy_quest
193,FPF,,quest_193,legacy_quest
194,CP(F)F,,quest_194,legacy_quest
195,COP(F)F,,quest_195,legacy_quest
196,CCP(F)F,,quest_196,legacy_quest
197,CN(C)P(F)F,,quest_197,legacy_quest
198,CC(C)(C)P(F)F,,quest_198,legacy_quest
199,FP(F)c1ccccc1,,quest_199,legacy_quest
200,ClPCl,,quest_200,legacy_quest
201,CP(Cl)Cl,,quest_201,legacy_quest
202,COP(Cl)Cl,,quest_202,legacy_quest
203,CN(C)P(Cl)Cl,,quest_203,legacy_quest
204,ClP(Cl)C1CCCCC1,,quest_204,legacy_quest
205,FP,,quest_205,legacy_quest
206,CP(C)F,,quest_206,legacy_quest
207,COP(F)OC,,quest_207,legacy_quest
208,CCP(F)CC,,quest_208,legacy_quest
209,CN(C)P(F)N(C)C,,quest_209,legacy_quest
210,CC(C)(C)P(F)C(C)(C)C,,quest_210,legacy_quest
211,FP(c1ccccc1)c1ccccc1,,quest_211,legacy_quest
212,PCl,,quest_212,legacy_quest
213,CP(C)Cl,,quest_213,legacy_quest
214,COP(Cl)OC,,quest_214,legacy_quest
215,CN(C)P(Cl)N(C)C,,quest_215,legacy_quest
216,CC(C)(C)P(Cl)C(C)(C)C,,quest_216,legacy_quest
217,ClP(C1CCCCC1)C1CCCCC1,,quest_217,legacy_quest
218,COP(OC)OC,,quest_218,legacy_quest
219,FC(F)(F)OP(OC(F)(F)F)OC(F)(F)F,,quest_219,legacy_quest
220,CCOP(OCC)OCC,,quest_220,legacy_quest
221,FC(F)(F)COP(OCC(F)(F)F)OCC(F)(F)F,,quest_221,legacy_quest
222,CC(C)OP(OC(C)C)OC(C)C,,quest_222,legacy_quest
223,CCCCOP(OCCCC)OCCCC,,quest_223,legacy_quest
224,CC(C)COP(OCC(C)C)OCC(C)C,,quest_224,legacy_quest
225,CC(C)(C)OP(OC(C)(C)C)OC(C)(C)C,,quest_225,legacy_quest
226,FC(F)(F)C(OP(OC(C(F)(F)F)(C(F)(F)F)C(F)(F)F)OC(C(F)(F)F)(C(F)(F)F)C(F)(F)F)(C(F)(F)F)C(F)(F)F,,quest_226,legacy_quest
227,CC(C)(C)COP(OCC(C)(C)C)OCC(C)(C)C,,quest_227,legacy_quest
228,C1CCC(OP(OC2CCCCC2)OC2CCCCC2)CC1,,quest_228,legacy_quest
229,c1ccc(OP(Oc2ccccc2)Oc2ccccc2)cc1,,quest_229,legacy_quest
230,Clc1ccc(OP(Oc2ccc(Cl)cc2)Oc2ccc(Cl)cc2)cc1,,quest_230,legacy_quest
231,Fc1c(F)c(F)c(OP(Oc2c(F)c(F)c(F)c(F)c2F)Oc2c(F)c(F)c(F)c(F)c2F)c(F)c1F,,quest_231,legacy_quest
232,Cc1ccccc1OP(Oc1ccccc1C)Oc1ccccc1C,,quest_232,legacy_quest
233,Cc1ccc(OP(Oc2ccc(C)cc2)Oc2ccc(C)cc2)cc1,,quest_233,legacy_quest
234,COc1ccc(OP(Oc2ccc(OC)cc2)Oc2ccc(OC)cc2)cc1,,quest_234,legacy_quest
235,N#Cc1ccc(OP(Oc2ccc(C#N)cc2)Oc2ccc(C#N)cc2)cc1,,quest_235,legacy_quest
236,CC(C)c1ccccc1OP(Oc1ccccc1C(C)C)Oc1ccccc1C(C)C,,quest_236,legacy_quest
237,CC(C)(C)c1ccccc1OP(Oc1ccccc1C(C)(C)C)Oc1ccccc1C(C)(C)C,,quest_237,legacy_quest
238,c1ccc(-c2ccccc2OP(Oc2ccccc2-c2ccccc2)Oc2ccccc2-c2ccccc2)cc1,,quest_238,legacy_quest
239,CC(C)(C)c1ccc(OP(Oc2ccc(C(C)(C)C)cc2C(C)(C)C)Oc2ccc(C(C)(C)C)cc2C(C)(C)C)c(C(C)(C)C)c1,,quest_239,legacy_quest
240,CC(C)(C)OPOC(C)(C)C,,quest_240,legacy_quest
241,COP(C)OC,,quest_241,legacy_quest
242,COP(OC)C(F)(F)F,,quest_242,legacy_quest
243,COP(OC)C(C)(C)C,,quest_243,legacy_quest
244,COP(OC)C1CCCCC1,,quest_244,legacy_quest
245,COP(OC)c1ccccc1,,quest_245,legacy_quest
246,CC(C)OP(OC(C)C)c1ccccc1,,quest_246,legacy_quest
247,CC(C)(C)P(Oc1ccccc1)Oc1ccccc1,,quest_247,legacy_quest
248,c1ccc(OP(Oc2ccccc2)c2ccccc2)cc1,,quest_248,legacy_quest
249,Fc1c(F)c(F)c(P(Oc2ccccc2)Oc2ccccc2)c(F)c1F,,quest_249,legacy_quest
250,CC(C)(C)OP,,quest_250,legacy_quest
251,POC1CCCCC1,,quest_251,legacy_quest
252,COP(C)C,,quest_252,legacy_quest
253,COP(C(F)(F)F)C(F)(F)F,,quest_253,legacy_quest
254,COP(C(C)(C)C)C(C)(C)C,,quest_254,legacy_quest
255,COP(C1CCCCC1)C1CCCCC1,,quest_255,legacy_quest
256,COP(c1ccccc1)c1ccccc1,,quest_256,legacy_quest
257,CC(C)OP(c1ccccc1)c1ccccc1,,quest_257,legacy_quest
258,CC(C)P(Oc1ccccc1)C(C)C,,quest_258,legacy_quest
259,CC(C)(C)P(Oc1ccccc1)C(C)(C)C,,quest_259,legacy_quest
260,c1ccc(OP(c2ccccc2)c2ccccc2)cc1,,quest_260,legacy_quest
261,Fc1c(F)c(F)c(P(Oc2ccccc2)c2c(F)c(F)c(F)c(F)c2F)c(F)c1F,,quest_261,legacy_quest
262,CC(C)P(Oc1ccc(C(C)(C)C)cc1C(C)(C)C)C(C)C,,quest_262,legacy_quest
263,COP1OCCO1,,quest_263,legacy_quest
264,CN(C)P1OCCO1,,quest_264,legacy_quest
265,c1ccccc1P1OCCO1,,quest_265,legacy_quest
266,CC1CCC(C)N1P(O2)Oc3c2cccc3,,quest_266,legacy_quest
267,COP1OCCCO1,,quest_267,legacy_quest
268,CN(C)P1OCCCO1,,quest_268,legacy_quest
269,c1ccccc1P1OCCCO1,,quest_269,legacy_quest
270,CN(P1OCCCCO1)C,,quest_270,legacy_quest
271,CN(C)P1OC(C2=CC=CC=C2)(C3=CC=CC=C3)[C@]4([H])[C@@](OC(C)(C)O4)([H])C(C5=CC=CC=C5)(C6=CC=CC=C6)O1,,quest_271,legacy_quest
272,CP1Oc2ccccc2-c2ccccc2O1,,quest_272,legacy_quest
273,COP1Oc2ccccc2-c2ccccc2O1,,quest_273,legacy_quest
274,CN(C)P1Oc2ccccc2-c2ccccc2O1,,quest_274,legacy_quest
275,c1ccccc1P1Oc2ccccc2-c2ccccc2O1,,quest_275,legacy_quest
276,CC(C)N(c1ccccc1)P1Oc2c(C)c(C)cc(C)c2-c2c(C)c(C)cc(C)c2O1,,quest_276,legacy_quest
277,CN(P1Oc2ccc(CCCC3)c3c2c4c(O1)ccc5c4CCCC5)C,,quest_277,legacy_quest
278,CP1Oc2c(c3c4ccccc4ccc3O1)c5ccccc5cc2,,quest_278,legacy_quest
279,CN(C)P1Oc2c(c3c4ccccc4ccc3O1)c5ccccc5cc2,,quest_279,legacy_quest
280,c1ccccc1P1Oc2c(c3c4ccccc4ccc3O1)c5ccccc5cc2,,quest_280,legacy_quest
281,CC(c1ccccc1)NP1Oc2c(c3c4ccccc4ccc3O1)c5ccccc5cc2,,quest_281,legacy_quest
282,CN(Cc1ccccc1)P1Oc2c(c3c4ccccc4ccc3O1)c5ccccc5cc2,,quest_282,legacy_quest
283,CC(c1ccccc1)N(P1Oc2c(c3c4ccccc4ccc3O1)c5ccccc5cc2)C(C)c1ccccc1,,quest_283,legacy_quest
284,CN(C)P1Oc2c(C)cc3ccccc3c2-c2c(C)cc3ccccc3c2O1,,quest_284,legacy_quest
285,CN(C)P1Oc2c(S(=O)(=O)C(F)(F)F)cc3ccccc3c2-c2c(S(=O)(=O)C(F)(F)F)cc3ccccc3c2O1,,quest_285,legacy_quest
286,CN(P1Oc2cccc3c2C(C(C4)C3)c5c4cccc5O1)C,,quest_286,legacy_quest
287,c12c3cccc1OP(C4=CC=CC=C4)Oc5cccc6c5C2C(C6)C3,,quest_287,legacy_quest
288,CC12COP(OC2)OC1,,quest_288,legacy_quest
289,CCC12COP(OC2)OC1,,quest_289,legacy_quest
290,c12ccccc1C(c3ccccc3O4)c5ccccc5OP4O2,,quest_290,legacy_quest
291,NP(N)N,,quest_291,legacy_quest
292,CN(C)P(N(C)C)N(C)C,,quest_292,legacy_quest
293,CC(C)N(C(C)C)P(N(C(C)C)C(C)C)N(C(C)C)C(C)C,,quest_293,legacy_quest
294,c1ccn(P(n2cccc2)n2cccc2)c1,,quest_294,legacy_quest
295,C1CCN(P(N2CCCC2)N2CCCC2)C1,,quest_295,legacy_quest
296,C1CN(P(N2CCOCC2)N2CCOCC2)CCO1,,quest_296,legacy_quest
297,C1CCN(P(N2CCCCC2)N2CCCCC2)CC1,,quest_297,legacy_quest
298,CB(N1P(N2B(NB(NB2C)C)C)N3B(NB(NB3C)C)C)NB(NB1C)C,,quest_298,legacy_quest
299,c1ccc(N(c2ccccc2)P(N(c2ccccc2)c2ccccc2)N(c2ccccc2)c2ccccc2)cc1,,quest_299,legacy_quest
300,CN(C)P(C)N(C)C,,quest_300,legacy_quest
301,COP(N(C)C)N(C)C,,quest_301,legacy_quest
302,CC(=O)P(N(C)C)N(C)C,,quest_302,legacy_quest
303,CC(C)N(C(C)C)P(N(C(C)C)C(C)C)C(C)(C)C,,quest_303,legacy_quest
304,CC(C)N(C(C)C)P(C1CCCCC1)N(C(C)C)C(C)C,,quest_304,legacy_quest
305,COP(n1cccc1)n1cccc1,,quest_305,legacy_quest
306,c1ccc(P(n2cccc2)n2cccc2)cc1,,quest_306,legacy_quest
307,c1ccc(OP(n2cccc2)n2cccc2)cc1,,quest_307,legacy_quest
308,c1ccc(P(N2CCCCC2)N2CCCCC2)cc1,,quest_308,legacy_quest
309,c1ccc(OP(N2CCCCC2)N2CCCCC2)cc1,,quest_309,legacy_quest
310,CC(C)(C)P(N(c1ccccc1)c1ccccc1)N(c1ccccc1)c1ccccc1,,quest_310,legacy_quest
311,CC(C)N(c1ccccc1)P(c1ccccc1)N(c1ccccc1)C(C)C,,quest_311,legacy_quest
312,c1ccc(P(n2c3ccccc3c3ccccc32)n2c3ccccc3c3ccccc32)cc1,,quest_312,legacy_quest
313,CN(C)P(c1ccccc1)c1ccccc1,,quest_313,legacy_quest
314,CN(C)P(C)C,,quest_314,legacy_quest
315,COP(OC)N(C)C,,quest_315,legacy_quest
316,CC(=O)P(C(C)=O)N(C)C,,quest_316,legacy_quest
317,CC(C)N(C(C)C)P(C(C)(C)C)C(C)(C)C,,quest_317,legacy_quest
318,CC(C)N(C(C)C)P(C1CCCCC1)C1CCCCC1,,quest_318,legacy_quest
319,COP(OC)n1cccc1,,quest_319,legacy_quest
320,c1ccc(P(c2ccccc2)n2cccc2)cc1,,quest_320,legacy_quest
321,c1ccc(OP(Oc2ccccc2)n2cccc2)cc1,,quest_321,legacy_quest
322,c1ccc(P(c2ccccc2)N2CCCCC2)cc1,,quest_322,legacy_quest
323,c1ccc(OP(Oc2ccccc2)N2CCCCC2)cc1,,quest_323,legacy_quest
324,CC(C)(C)P(N(c1ccccc1)c1ccccc1)C(C)(C)C,,quest_324,legacy_quest
325,c1ccc(N(c2ccccn2)P(C2CCCCC2)C2CCCCC2)nc1,,quest_325,legacy_quest
326,c1ccc(P(c2ccccc2)N(c2ccccn2)c2ccccn2)cc1,,quest_326,legacy_quest
327,COP1NCCN1,,quest_327,legacy_quest
328,CN(C)P1NCCN1,,quest_328,legacy_quest
329,c1ccc(P2NCCN2)cc1,,quest_329,legacy_quest
330,CN1CCN(C)P1c1ccccc1,,quest_330,legacy_quest
331,O=C1C(CCC2=O)N2P(OC3=CC=CC=C3)N1C4=CC=CC=C4,,quest_331,legacy_quest
332,CP1=NC=CN=C1,,quest_332,legacy_quest
333,c1ccccc1P1=NC=CN=C1,,quest_333,legacy_quest
334,CN(C)P1NCCCN1,,quest_334,legacy_quest
335,c1ccc(P2NCCCN2)cc1,,quest_335,legacy_quest
336,CN1CCCN(C)P1c1ccccc1,,quest_336,legacy_quest
337,CN(CCC(CCN1C)C2)P1N2C,,quest_337,legacy_quest
338,CC(CN(CCC(CCN1CC(C)C)C2)P1N2CC(C)C)C,,quest_338,legacy_quest
339,Cc1cc(C(C)(C)C)c(OP(C)Cl)cc1C(C)(C)C,,quest_339,legacy_quest
340,CC(C)(C)P(Cl)C1CCCCC1,,quest_340,legacy_quest
341,CC(C)(C)P(O)C1CCCCC1,,quest_341,legacy_quest
342,CC(=O)P(C)c1ccccc1,,quest_342,legacy_quest
343,CC(C)(C)P(c1ccccc1)c1c(F)c(F)c(F)c(F)c1F,,quest_343,legacy_quest
344,CC(C)(C)P(Oc1ccccc1)c1ccccc1,,quest_344,legacy_quest
345,CC(C)(C)P(Oc1ccccc1)c1c(F)c(F)c(F)c(F)c1F,,quest_345,legacy_quest
346,Fc1c(F)c(F)c(P(Oc2ccccc2)c2ccccc2)c(F)c1F,,quest_346,legacy_quest
347,Cc1c(OP(Oc2c(C)cc(OC)cc2c3cc(OC)cc(C)c3OC)C4=CC=CC=C4)c(C)ccc1,,quest_347,legacy_quest
348,Cc1c(OP2Oc3c(c4ccccc42)cccc3)c(c5cc(OC)cc(C)c5OC)cc(OC)c1,,quest_348,legacy_quest
