rank,score,candidate_id,did,smiles,name,source,is_known_positive,is_known_negative,valid,error,model_id,model_run_root,checkpoint_path
25,-0.5348414182662964,16,,P(C(C)(C)C)(C(C)(C)C)C(C)(C)C,quest_16,legacy_quest,True,False,True,,adam-pi_1_best,/home/chenghua/ZhuoLi/ChemDBWebVersion/workspace/projects/adam-pi/runs/1,/home/chenghua/ZhuoLi/ChemDBWebVersion/workspace/projects/adam-pi/runs/1/training/ckpts/best.pt
81,-7.844995021820068,41,,CC(C)(C)P(C(C)C)C(C)(C)C,quest_41,legacy_quest,True,False,True,,adam-pi_1_best,/home/chenghua/ZhuoLi/ChemDBWebVersion/workspace/projects/adam-pi/runs/1,/home/chenghua/ZhuoLi/ChemDBWebVersion/workspace/projects/adam-pi/runs/1/training/ckpts/best.pt
244,-20.118366241455078,42,,P(C(C)(C)C)(C(C)(C)C)[CH2]C(C)(C)C,quest_42,legacy_quest,True,False,True,,adam-pi_1_best,/home/chenghua/ZhuoLi/ChemDBWebVersion/workspace/projects/adam-pi/runs/1,/home/chenghua/ZhuoLi/ChemDBWebVersion/workspace/projects/adam-pi/runs/1/training/ckpts/best.pt
197,-15.935564041137695,43,,P(C(C)(C)C)(C(C)(C)C)C1CCCCC1,quest_43,legacy_quest,True,False,True,,adam-pi_1_best,/home/chenghua/ZhuoLi/ChemDBWebVersion/workspace/projects/adam-pi/runs/1,/home/chenghua/ZhuoLi/ChemDBWebVersion/workspace/projects/adam-pi/runs/1/training/ckpts/best.pt
138,-12.190043449401855,44,,P(C(C)(C)C)(C(C)(C)C)Cc1ccccc1,quest_44,legacy_quest,True,False,True,,adam-pi_1_best,/home/chenghua/ZhuoLi/ChemDBWebVersion/workspace/projects/adam-pi/runs/1,/home/chenghua/ZhuoLi/ChemDBWebVersion/workspace/projects/adam-pi/runs/1/training/ckpts/best.pt
272,-23.679933547973633,45,,P(C(C)(C)C)(C(C)(C)C)C12CC3CC(C1)CC(C3)C2,quest_45,legacy_quest,True,False,True,,adam-pi_1_best,/home/chenghua/ZhuoLi/ChemDBWebVersion/workspace/projects/adam-pi/runs/1,/home/chenghua/ZhuoLi/ChemDBWebVersion/workspace/projects/adam-pi/runs/1/training/ckpts/best.pt
335,-40.91487121582031,46,,P(C(C)(C)C)(C(C)(C)C)C1C2CC3CC1CC(C2)C3,quest_46,legacy_quest,True,False,True,,adam-pi_1_best,/home/chenghua/ZhuoLi/ChemDBWebVersion/workspace/projects/adam-pi/runs/1,/home/chenghua/ZhuoLi/ChemDBWebVersion/workspace/projects/adam-pi/runs/1/training/ckpts/best.pt
284,-25.56757354736328,54,,P(C12CC3CC(C1)CC(C3)C2)(C12CC3CC(C1)CC(C3)C2)CCCC,quest_54,legacy_quest,True,False,True,,adam-pi_1_best,/home/chenghua/ZhuoLi/ChemDBWebVersion/workspace/projects/adam-pi/runs/1,/home/chenghua/ZhuoLi/ChemDBWebVersion/workspace/projects/adam-pi/runs/1/training/ckpts/best.pt
128,-11.648916244506836,114,,c1ccc(P(C2CCCCC2)C2CCCCC2)cc1,quest_114,legacy_quest,False,False,True,,adam-pi_1_best,/home/chenghua/ZhuoLi/ChemDBWebVersion/workspace/projects/adam-pi/runs/1,/home/chenghua/ZhuoLi/ChemDBWebVersion/workspace/projects/adam-pi/runs/1/training/ckpts/best.pt
199,-16.054616928100586,142,,CC(C)(P1C(CC(CC1C)=O)C)C,quest_142,legacy_quest,True,False,True,,adam-pi_1_best,/home/chenghua/ZhuoLi/ChemDBWebVersion/workspace/projects/adam-pi/runs/1,/home/chenghua/ZhuoLi/ChemDBWebVersion/workspace/projects/adam-pi/runs/1/training/ckpts/best.pt
171,-14.479547500610352,184,,c12ccccc1C(P(C3CCCCC3)C4CCCCC4)(CC5=CC=CC=C5)c6ccccc26,quest_184,legacy_quest,True,False,True,,adam-pi_1_best,/home/chenghua/ZhuoLi/ChemDBWebVersion/workspace/projects/adam-pi/runs/1,/home/chenghua/ZhuoLi/ChemDBWebVersion/workspace/projects/adam-pi/runs/1/training/ckpts/best.pt
104,-9.498968124389648,349,,CC(C)(C)P(c1ccccc1)C(C)(C)C,quest_349,legacy_quest,True,False,True,,adam-pi_1_best,/home/chenghua/ZhuoLi/ChemDBWebVersion/workspace/projects/adam-pi/runs/1,/home/chenghua/ZhuoLi/ChemDBWebVersion/workspace/projects/adam-pi/runs/1/training/ckpts/best.pt
70,-6.870842933654785,1,,[PH3],quest_1,legacy_quest,False,False,True,,adam-pi_1_best,/home/chenghua/ZhuoLi/ChemDBWebVersion/workspace/projects/adam-pi/runs/1,/home/chenghua/ZhuoLi/ChemDBWebVersion/workspace/projects/adam-pi/runs/1/training/ckpts/best.pt
39,-2.405211925506592,2,,P(C)(C)C,quest_2,legacy_quest,False,False,True,,adam-pi_1_best,/home/chenghua/ZhuoLi/ChemDBWebVersion/workspace/projects/adam-pi/runs/1,/home/chenghua/ZhuoLi/ChemDBWebVersion/workspace/projects/adam-pi/runs/1/training/ckpts/best.pt
61,-6.282108306884766,3,,P(C(F)(F)F)(C(F)(F)F)C(F)(F)F,quest_3,legacy_quest,False,False,True,,adam-pi_1_best,/home/chenghua/ZhuoLi/ChemDBWebVersion/workspace/projects/adam-pi/runs/1,/home/chenghua/ZhuoLi/ChemDBWebVersion/workspace/projects/adam-pi/runs/1/training/ckpts/best.pt
127,-11.442448616027832,4,,P(C(Cl)(Cl)Cl)(C(Cl)(Cl)Cl)C(Cl)(Cl)Cl,quest_4,legacy_quest,False,False,True,,adam-pi_1_best,/home/chenghua/ZhuoLi/ChemDBWebVersion/workspace/projects/adam-pi/runs/1,/home/chenghua/ZhuoLi/ChemDBWebVersion/workspace/projects/adam-pi/runs/1/training/ckpts/best.pt
164,-14.154352188110352,5,,P(CC)(CC)CC,quest_5,legacy_quest,False,False,True,,adam-pi_1_best,/home/chenghua/ZhuoLi/ChemDBWebVersion/workspace/projects/adam-pi/runs/1,/home/chenghua/ZhuoLi/ChemDBWebVersion/workspace/projects/adam-pi/runs/1/training/ckpts/best.pt
30,-0.9641518592834473,6,,P(C(F)(F)C(F)(F)F)(C(F)(F)C(F)(F)F)C(F)(F)C(F)(F)F,quest_6,legacy_quest,False,False,True,,adam-pi_1_best,/home/chenghua/ZhuoLi/ChemDBWebVersion/workspace/projects/adam-pi/runs/1,/home/chenghua/ZhuoLi/ChemDBWebVersion/workspace/projects/adam-pi/runs/1/training/ckpts/best.pt
222,-18.423736572265625,7,,P([CH2]C(F)(F)F)([CH2]C(F)(F)F)[CH2]C(F)(F)F,quest_7,legacy_quest,False,False,True,,adam-pi_1_best,/home/chenghua/ZhuoLi/ChemDBWebVersion/workspace/projects/adam-pi/runs/1,/home/chenghua/ZhuoLi/ChemDBWebVersion/workspace/projects/adam-pi/runs/1/training/ckpts/best.pt
75,-7.217892646789551,8,,P(C(=O)C)(C(=O)C)C(=O)C,quest_8,legacy_quest,False,False,True,,adam-pi_1_best,/home/chenghua/ZhuoLi/ChemDBWebVersion/workspace/projects/adam-pi/runs/1,/home/chenghua/ZhuoLi/ChemDBWebVersion/workspace/projects/adam-pi/runs/1/training/ckpts/best.pt
174,-14.652420997619629,9,,P(CCC)(CCC)CCC,quest_9,legacy_quest,False,False,True,,adam-pi_1_best,/home/chenghua/ZhuoLi/ChemDBWebVersion/workspace/projects/adam-pi/runs/1,/home/chenghua/ZhuoLi/ChemDBWebVersion/workspace/projects/adam-pi/runs/1/training/ckpts/best.pt
173,-14.652420997619629,10,,P(CC(C))(CC(C))CC(C),quest_10,legacy_quest,False,False,True,,adam-pi_1_best,/home/chenghua/ZhuoLi/ChemDBWebVersion/workspace/projects/adam-pi/runs/1,/home/chenghua/ZhuoLi/ChemDBWebVersion/workspace/projects/adam-pi/runs/1/training/ckpts/best.pt
307,-29.56964111328125,11,,P([CH2]CC#N)([CH2]CC#N)[CH2]CC#N,quest_11,legacy_quest,False,False,True,,adam-pi_1_best,/home/chenghua/ZhuoLi/ChemDBWebVersion/workspace/projects/adam-pi/runs/1,/home/chenghua/ZhuoLi/ChemDBWebVersion/workspace/projects/adam-pi/runs/1/training/ckpts/best.pt
318,-32.590389251708984,12,,P([CH2]CCCO)([CH2]CCCO)[CH2]CCCO,quest_12,legacy_quest,False,False,True,,adam-pi_1_best,/home/chenghua/ZhuoLi/ChemDBWebVersion/workspace/projects/adam-pi/runs/1,/home/chenghua/ZhuoLi/ChemDBWebVersion/workspace/projects/adam-pi/runs/1/training/ckpts/best.pt
180,-15.05443286895752,13,,P(CCCC)(CCCC)CCCC,quest_13,legacy_quest,False,False,True,,adam-pi_1_best,/home/chenghua/ZhuoLi/ChemDBWebVersion/workspace/projects/adam-pi/runs/1,/home/chenghua/ZhuoLi/ChemDBWebVersion/workspace/projects/adam-pi/runs/1/training/ckpts/best.pt
242,-20.055072784423828,14,,P([CH2]C(C)C)([CH2]C(C)C)[CH2]C(C)C,quest_14,legacy_quest,False,False,True,,adam-pi_1_best,/home/chenghua/ZhuoLi/ChemDBWebVersion/workspace/projects/adam-pi/runs/1,/home/chenghua/ZhuoLi/ChemDBWebVersion/workspace/projects/adam-pi/runs/1/training/ckpts/best.pt
224,-18.751556396484375,15,,P(C(C)CC)(C(C)CC)C(C)CC,quest_15,legacy_quest,False,False,True,,adam-pi_1_best,/home/chenghua/ZhuoLi/ChemDBWebVersion/workspace/projects/adam-pi/runs/1,/home/chenghua/ZhuoLi/ChemDBWebVersion/workspace/projects/adam-pi/runs/1/training/ckpts/best.pt
150,-13.207146644592285,17,,P(c1ccco1)(c1ccco1)c1ccco1,quest_17,legacy_quest,False,False,True,,adam-pi_1_best,/home/chenghua/ZhuoLi/ChemDBWebVersion/workspace/projects/adam-pi/runs/1,/home/chenghua/ZhuoLi/ChemDBWebVersion/workspace/projects/adam-pi/runs/1/training/ckpts/best.pt
96,-9.101508140563965,18,,P(C1CCCO1)(C1CCCO1)C1CCCO1,quest_18,legacy_quest,False,False,True,,adam-pi_1_best,/home/chenghua/ZhuoLi/ChemDBWebVersion/workspace/projects/adam-pi/runs/1,/home/chenghua/ZhuoLi/ChemDBWebVersion/workspace/projects/adam-pi/runs/1/training/ckpts/best.pt
266,-23.222814559936523,19,,P([CH2]C(C)(C)C)([CH2]C(C)(C)C)[CH2]C(C)(C)C,quest_19,legacy_quest,False,False,True,,adam-pi_1_best,/home/chenghua/ZhuoLi/ChemDBWebVersion/workspace/projects/adam-pi/runs/1,/home/chenghua/ZhuoLi/ChemDBWebVersion/workspace/projects/adam-pi/runs/1/training/ckpts/best.pt
31,-1.1092967987060547,20,,P(C1CCCC1)(C1CCCC1)C1CCCC1,quest_20,legacy_quest,False,False,True,,adam-pi_1_best,/home/chenghua/ZhuoLi/ChemDBWebVersion/workspace/projects/adam-pi/runs/1,/home/chenghua/ZhuoLi/ChemDBWebVersion/workspace/projects/adam-pi/runs/1/training/ckpts/best.pt
52,-5.0416717529296875,21,,P(C1CCCCC1)(C1CCCCC1)C1CCCCC1,quest_21,legacy_quest,False,False,True,,adam-pi_1_best,/home/chenghua/ZhuoLi/ChemDBWebVersion/workspace/projects/adam-pi/runs/1,/home/chenghua/ZhuoLi/ChemDBWebVersion/workspace/projects/adam-pi/runs/1/training/ckpts/best.pt
83,-8.300413131713867,22,,P(Cc1ccccc1)(Cc1ccccc1)Cc1ccccc1,quest_22,legacy_quest,False,False,True,,adam-pi_1_best,/home/chenghua/ZhuoLi/ChemDBWebVersion/workspace/projects/adam-pi/runs/1,/home/chenghua/ZhuoLi/ChemDBWebVersion/workspace/projects/adam-pi/runs/1/training/ckpts/best.pt
165,-14.34479808807373,23,,C(=O)O[PH2],quest_23,legacy_quest,False,False,True,,adam-pi_1_best,/home/chenghua/ZhuoLi/ChemDBWebVersion/workspace/projects/adam-pi/runs/1,/home/chenghua/ZhuoLi/ChemDBWebVersion/workspace/projects/adam-pi/runs/1/training/ckpts/best.pt
77,-7.597109794616699,24,,[PH](C)C,quest_24,legacy_quest,False,False,True,,adam-pi_1_best,/home/chenghua/ZhuoLi/ChemDBWebVersion/workspace/projects/adam-pi/runs/1,/home/chenghua/ZhuoLi/ChemDBWebVersion/workspace/projects/adam-pi/runs/1/training/ckpts/best.pt
89,-8.792928695678711,25,,P(C)(C)C(F)(F)F,quest_25,legacy_quest,False,False,True,,adam-pi_1_best,/home/chenghua/ZhuoLi/ChemDBWebVersion/workspace/projects/adam-pi/runs/1,/home/chenghua/ZhuoLi/ChemDBWebVersion/workspace/projects/adam-pi/runs/1/training/ckpts/best.pt
108,-9.720370292663574,26,,P(C)(C)CC,quest_26,legacy_quest,False,False,True,,adam-pi_1_best,/home/chenghua/ZhuoLi/ChemDBWebVersion/workspace/projects/adam-pi/runs/1,/home/chenghua/ZhuoLi/ChemDBWebVersion/workspace/projects/adam-pi/runs/1/training/ckpts/best.pt
136,-12.082784652709961,27,,P(C)(C)C(=O)C,quest_27,legacy_quest,False,False,True,,adam-pi_1_best,/home/chenghua/ZhuoLi/ChemDBWebVersion/workspace/projects/adam-pi/runs/1,/home/chenghua/ZhuoLi/ChemDBWebVersion/workspace/projects/adam-pi/runs/1/training/ckpts/best.pt
163,-14.109277725219727,28,,P(C)(C)CCC,quest_28,legacy_quest,False,False,True,,adam-pi_1_best,/home/chenghua/ZhuoLi/ChemDBWebVersion/workspace/projects/adam-pi/runs/1,/home/chenghua/ZhuoLi/ChemDBWebVersion/workspace/projects/adam-pi/runs/1/training/ckpts/best.pt
162,-14.109277725219727,29,,P(C)(C)CC(C),quest_29,legacy_quest,False,False,True,,adam-pi_1_best,/home/chenghua/ZhuoLi/ChemDBWebVersion/workspace/projects/adam-pi/runs/1,/home/chenghua/ZhuoLi/ChemDBWebVersion/workspace/projects/adam-pi/runs/1/training/ckpts/best.pt
137,-12.156511306762695,30,,P(C)(C)C(C)(C)C,quest_30,legacy_quest,False,False,True,,adam-pi_1_best,/home/chenghua/ZhuoLi/ChemDBWebVersion/workspace/projects/adam-pi/runs/1,/home/chenghua/ZhuoLi/ChemDBWebVersion/workspace/projects/adam-pi/runs/1/training/ckpts/best.pt
29,-0.8844529390335083,31,,P(C)(C)Cc1ccccc1,quest_31,legacy_quest,False,False,True,,adam-pi_1_best,/home/chenghua/ZhuoLi/ChemDBWebVersion/workspace/projects/adam-pi/runs/1,/home/chenghua/ZhuoLi/ChemDBWebVersion/workspace/projects/adam-pi/runs/1/training/ckpts/best.pt
115,-10.453242301940918,32,,P(C(F)(F)F)(C(F)(F)F)C,quest_32,legacy_quest,False,False,True,,adam-pi_1_best,/home/chenghua/ZhuoLi/ChemDBWebVersion/workspace/projects/adam-pi/runs/1,/home/chenghua/ZhuoLi/ChemDBWebVersion/workspace/projects/adam-pi/runs/1/training/ckpts/best.pt
64,-6.466773986816406,33,,P(CC)(CC)C,quest_33,legacy_quest,False,False,True,,adam-pi_1_best,/home/chenghua/ZhuoLi/ChemDBWebVersion/workspace/projects/adam-pi/runs/1,/home/chenghua/ZhuoLi/ChemDBWebVersion/workspace/projects/adam-pi/runs/1/training/ckpts/best.pt
100,-9.359642028808594,34,,P(C(=O)C)(C(=O)C)C,quest_34,legacy_quest,False,False,True,,adam-pi_1_best,/home/chenghua/ZhuoLi/ChemDBWebVersion/workspace/projects/adam-pi/runs/1,/home/chenghua/ZhuoLi/ChemDBWebVersion/workspace/projects/adam-pi/runs/1/training/ckpts/best.pt
76,-7.449958801269531,35,,P(CC(C))(CC(C))C,quest_35,legacy_quest,False,False,True,,adam-pi_1_best,/home/chenghua/ZhuoLi/ChemDBWebVersion/workspace/projects/adam-pi/runs/1,/home/chenghua/ZhuoLi/ChemDBWebVersion/workspace/projects/adam-pi/runs/1/training/ckpts/best.pt
271,-23.557968139648438,36,,P(CC(C))(CC(C))C(C)CC,quest_36,legacy_quest,False,False,True,,adam-pi_1_best,/home/chenghua/ZhuoLi/ChemDBWebVersion/workspace/projects/adam-pi/runs/1,/home/chenghua/ZhuoLi/ChemDBWebVersion/workspace/projects/adam-pi/runs/1/training/ckpts/best.pt
126,-11.332684516906738,37,,P(CC(C))(CC(C))C(C)(C)C,quest_37,legacy_quest,False,False,True,,adam-pi_1_best,/home/chenghua/ZhuoLi/ChemDBWebVersion/workspace/projects/adam-pi/runs/1,/home/chenghua/ZhuoLi/ChemDBWebVersion/workspace/projects/adam-pi/runs/1/training/ckpts/best.pt
315,-32.206600189208984,38,,P(C(C)CC)(C(C)CC)CC(C),quest_38,legacy_quest,False,False,True,,adam-pi_1_best,/home/chenghua/ZhuoLi/ChemDBWebVersion/workspace/projects/adam-pi/runs/1,/home/chenghua/ZhuoLi/ChemDBWebVersion/workspace/projects/adam-pi/runs/1/training/ckpts/best.pt
265,-23.094146728515625,39,,P(C(C)CC)(C(C)CC)C1CCCCC1,quest_39,legacy_quest,False,False,True,,adam-pi_1_best,/home/chenghua/ZhuoLi/ChemDBWebVersion/workspace/projects/adam-pi/runs/1,/home/chenghua/ZhuoLi/ChemDBWebVersion/workspace/projects/adam-pi/runs/1/training/ckpts/best.pt
19,1.9313812255859375,40,,P(C(C)(C)C)(C(C)(C)C)C,quest_40,legacy_quest,False,False,True,,adam-pi_1_best,/home/chenghua/ZhuoLi/ChemDBWebVersion/workspace/projects/adam-pi/runs/1,/home/chenghua/ZhuoLi/ChemDBWebVersion/workspace/projects/adam-pi/runs/1/training/ckpts/best.pt
93,-8.906702041625977,47,,P([CH2]C(C)(C)C)([CH2]C(C)(C)C)C(C)(C)C,quest_47,legacy_quest,False,False,True,,adam-pi_1_best,/home/chenghua/ZhuoLi/ChemDBWebVersion/workspace/projects/adam-pi/runs/1,/home/chenghua/ZhuoLi/ChemDBWebVersion/workspace/projects/adam-pi/runs/1/training/ckpts/best.pt
146,-12.908921241760254,48,,P(C1CCCCC1)(C1CCCCC1)C,quest_48,legacy_quest,False,False,True,,adam-pi_1_best,/home/chenghua/ZhuoLi/ChemDBWebVersion/workspace/projects/adam-pi/runs/1,/home/chenghua/ZhuoLi/ChemDBWebVersion/workspace/projects/adam-pi/runs/1/training/ckpts/best.pt
245,-20.37700843811035,49,,P(C1CCCCC1)(C1CCCCC1)C(C)CC,quest_49,legacy_quest,False,False,True,,adam-pi_1_best,/home/chenghua/ZhuoLi/ChemDBWebVersion/workspace/projects/adam-pi/runs/1,/home/chenghua/ZhuoLi/ChemDBWebVersion/workspace/projects/adam-pi/runs/1/training/ckpts/best.pt
196,-15.914382934570312,50,,P(C1CCCCC1)(C1CCCCC1)C(C)(C)C,quest_50,legacy_quest,False,False,True,,adam-pi_1_best,/home/chenghua/ZhuoLi/ChemDBWebVersion/workspace/projects/adam-pi/runs/1,/home/chenghua/ZhuoLi/ChemDBWebVersion/workspace/projects/adam-pi/runs/1/training/ckpts/best.pt
17,2.104623317718506,51,,P(Cc1ccccc1)(Cc1ccccc1)C(C)(C)C,quest_51,legacy_quest,False,False,True,,adam-pi_1_best,/home/chenghua/ZhuoLi/ChemDBWebVersion/workspace/projects/adam-pi/runs/1,/home/chenghua/ZhuoLi/ChemDBWebVersion/workspace/projects/adam-pi/runs/1/training/ckpts/best.pt
9,8.00522518157959,52,,P(Cc1ccccc1)(Cc1ccccc1)C12CC3CC(C1)CC(C3)C2,quest_52,legacy_quest,False,False,True,,adam-pi_1_best,/home/chenghua/ZhuoLi/ChemDBWebVersion/workspace/projects/adam-pi/runs/1,/home/chenghua/ZhuoLi/ChemDBWebVersion/workspace/projects/adam-pi/runs/1/training/ckpts/best.pt
297,-27.0767822265625,53,,[PH](C12CC3CC(C1)CC(C3)C2)C12CC3CC(C1)CC(C3)C2,quest_53,legacy_quest,False,False,True,,adam-pi_1_best,/home/chenghua/ZhuoLi/ChemDBWebVersion/workspace/projects/adam-pi/runs/1,/home/chenghua/ZhuoLi/ChemDBWebVersion/workspace/projects/adam-pi/runs/1/training/ckpts/best.pt
179,-15.034753799438477,55,,P(C12CC3CC(C1)CC(C3)C2)(C12CC3CC(C1)CC(C3)C2)C(C)(C)C,quest_55,legacy_quest,False,False,True,,adam-pi_1_best,/home/chenghua/ZhuoLi/ChemDBWebVersion/workspace/projects/adam-pi/runs/1,/home/chenghua/ZhuoLi/ChemDBWebVersion/workspace/projects/adam-pi/runs/1/training/ckpts/best.pt
37,-2.2494089603424072,56,,C=CP(C=C)C=C,quest_56,legacy_quest,False,False,True,,adam-pi_1_best,/home/chenghua/ZhuoLi/ChemDBWebVersion/workspace/projects/adam-pi/runs/1,/home/chenghua/ZhuoLi/ChemDBWebVersion/workspace/projects/adam-pi/runs/1/training/ckpts/best.pt
71,-7.00020694732666,57,,C=CP(C)C=C,quest_57,legacy_quest,False,False,True,,adam-pi_1_best,/home/chenghua/ZhuoLi/ChemDBWebVersion/workspace/projects/adam-pi/runs/1,/home/chenghua/ZhuoLi/ChemDBWebVersion/workspace/projects/adam-pi/runs/1/training/ckpts/best.pt
144,-12.669178009033203,58,,C=CP(C=C)C(F)(F)F,quest_58,legacy_quest,False,False,True,,adam-pi_1_best,/home/chenghua/ZhuoLi/ChemDBWebVersion/workspace/projects/adam-pi/runs/1,/home/chenghua/ZhuoLi/ChemDBWebVersion/workspace/projects/adam-pi/runs/1/training/ckpts/best.pt
167,-14.411758422851562,59,,C=CP(C=C)c1ccccc1,quest_59,legacy_quest,False,False,True,,adam-pi_1_best,/home/chenghua/ZhuoLi/ChemDBWebVersion/workspace/projects/adam-pi/runs/1,/home/chenghua/ZhuoLi/ChemDBWebVersion/workspace/projects/adam-pi/runs/1/training/ckpts/best.pt
185,-15.395570755004883,60,,c1(C2c3ccccc3C4C(C5=CC=CC=C5)=C2P(C6CCCCC6)C7CCCCC7)c4cccc1,quest_60,legacy_quest,False,False,True,,adam-pi_1_best,/home/chenghua/ZhuoLi/ChemDBWebVersion/workspace/projects/adam-pi/runs/1,/home/chenghua/ZhuoLi/ChemDBWebVersion/workspace/projects/adam-pi/runs/1/training/ckpts/best.pt
254,-21.50421142578125,61,,CC(C)(C)P(C(C)(C)C)C1(C)CC1(c2ccccc2)c3ccccc3,quest_61,legacy_quest,False,False,True,,adam-pi_1_best,/home/chenghua/ZhuoLi/ChemDBWebVersion/workspace/projects/adam-pi/runs/1,/home/chenghua/ZhuoLi/ChemDBWebVersion/workspace/projects/adam-pi/runs/1/training/ckpts/best.pt
155,-13.435276985168457,62,,P([Si](C)(C)C)([Si](C)(C)C)[Si](C)(C)C,quest_62,legacy_quest,False,False,True,,adam-pi_1_best,/home/chenghua/ZhuoLi/ChemDBWebVersion/workspace/projects/adam-pi/runs/1,/home/chenghua/ZhuoLi/ChemDBWebVersion/workspace/projects/adam-pi/runs/1/training/ckpts/best.pt
5,9.931721687316895,63,,c1ccc(P(c2ccccc2)c2ccccc2)cc1,quest_63,legacy_quest,False,False,True,,adam-pi_1_best,/home/chenghua/ZhuoLi/ChemDBWebVersion/workspace/projects/adam-pi/runs/1,/home/chenghua/ZhuoLi/ChemDBWebVersion/workspace/projects/adam-pi/runs/1/training/ckpts/best.pt
74,-7.06853723526001,64,,Fc1ccccc1P(c1ccccc1F)c1ccccc1F,quest_64,legacy_quest,False,False,True,,adam-pi_1_best,/home/chenghua/ZhuoLi/ChemDBWebVersion/workspace/projects/adam-pi/runs/1,/home/chenghua/ZhuoLi/ChemDBWebVersion/workspace/projects/adam-pi/runs/1/training/ckpts/best.pt
16,2.931521415710449,65,,Fc1cccc(P(c2cccc(F)c2)c2cccc(F)c2)c1,quest_65,legacy_quest,False,False,True,,adam-pi_1_best,/home/chenghua/ZhuoLi/ChemDBWebVersion/workspace/projects/adam-pi/runs/1,/home/chenghua/ZhuoLi/ChemDBWebVersion/workspace/projects/adam-pi/runs/1/training/ckpts/best.pt
7,9.094653129577637,66,,Fc1ccc(P(c2ccc(F)cc2)c2ccc(F)cc2)cc1,quest_66,legacy_quest,False,False,True,,adam-pi_1_best,/home/chenghua/ZhuoLi/ChemDBWebVersion/workspace/projects/adam-pi/runs/1,/home/chenghua/ZhuoLi/ChemDBWebVersion/workspace/projects/adam-pi/runs/1/training/ckpts/best.pt
233,-19.500110626220703,67,,Clc1ccccc1P(c1ccccc1Cl)c1ccccc1Cl,quest_67,legacy_quest,False,False,True,,adam-pi_1_best,/home/chenghua/ZhuoLi/ChemDBWebVersion/workspace/projects/adam-pi/runs/1,/home/chenghua/ZhuoLi/ChemDBWebVersion/workspace/projects/adam-pi/runs/1/training/ckpts/best.pt
105,-9.507984161376953,68,,Clc1cccc(P(c2cccc(Cl)c2)c2cccc(Cl)c2)c1,quest_68,legacy_quest,False,False,True,,adam-pi_1_best,/home/chenghua/ZhuoLi/ChemDBWebVersion/workspace/projects/adam-pi/runs/1,/home/chenghua/ZhuoLi/ChemDBWebVersion/workspace/projects/adam-pi/runs/1/training/ckpts/best.pt
6,9.389829635620117,69,,Clc1ccc(P(c2ccc(Cl)cc2)c2ccc(Cl)cc2)cc1,quest_69,legacy_quest,False,False,True,,adam-pi_1_best,/home/chenghua/ZhuoLi/ChemDBWebVersion/workspace/projects/adam-pi/runs/1,/home/chenghua/ZhuoLi/ChemDBWebVersion/workspace/projects/adam-pi/runs/1/training/ckpts/best.pt
304,-28.766653060913086,70,,Fc1c(F)c(F)c(P(c2c(F)c(F)c(F)c(F)c2F)c2c(F)c(F)c(F)c(F)c2F)c(F)c1F,quest_70,legacy_quest,False,False,True,,adam-pi_1_best,/home/chenghua/ZhuoLi/ChemDBWebVersion/workspace/projects/adam-pi/runs/1,/home/chenghua/ZhuoLi/ChemDBWebVersion/workspace/projects/adam-pi/runs/1/training/ckpts/best.pt
235,-19.690128326416016,71,,O=S(=O)(O)c1cccc(P(c2cccc(S(=O)(=O)O)c2)c2cccc(S(=O)(=O)O)c2)c1,quest_71,legacy_quest,False,False,True,,adam-pi_1_best,/home/chenghua/ZhuoLi/ChemDBWebVersion/workspace/projects/adam-pi/runs/1,/home/chenghua/ZhuoLi/ChemDBWebVersion/workspace/projects/adam-pi/runs/1/training/ckpts/best.pt
188,-15.581352233886719,72,,Cc1nc(P(c2nc(C)ccc2)c3nc(C)ccc3)ccc1,quest_72,legacy_quest,False,False,True,,adam-pi_1_best,/home/chenghua/ZhuoLi/ChemDBWebVersion/workspace/projects/adam-pi/runs/1,/home/chenghua/ZhuoLi/ChemDBWebVersion/workspace/projects/adam-pi/runs/1/training/ckpts/best.pt
91,-8.869892120361328,73,,Cc1ccccc1P(c1ccccc1C)c1ccccc1C,quest_73,legacy_quest,False,False,True,,adam-pi_1_best,/home/chenghua/ZhuoLi/ChemDBWebVersion/workspace/projects/adam-pi/runs/1,/home/chenghua/ZhuoLi/ChemDBWebVersion/workspace/projects/adam-pi/runs/1/training/ckpts/best.pt
8,8.128077507019043,74,,Cc1cccc(P(c2cccc(C)c2)c2cccc(C)c2)c1,quest_74,legacy_quest,False,False,True,,adam-pi_1_best,/home/chenghua/ZhuoLi/ChemDBWebVersion/workspace/projects/adam-pi/runs/1,/home/chenghua/ZhuoLi/ChemDBWebVersion/workspace/projects/adam-pi/runs/1/training/ckpts/best.pt
1,15.729372024536133,75,,Cc1ccc(P(c2ccc(C)cc2)c2ccc(C)cc2)cc1,quest_75,legacy_quest,False,False,True,,adam-pi_1_best,/home/chenghua/ZhuoLi/ChemDBWebVersion/workspace/projects/adam-pi/runs/1,/home/chenghua/ZhuoLi/ChemDBWebVersion/workspace/projects/adam-pi/runs/1/training/ckpts/best.pt
86,-8.645429611206055,76,,COc1ccccc1P(c1ccccc1OC)c1ccccc1OC,quest_76,legacy_quest,False,False,True,,adam-pi_1_best,/home/chenghua/ZhuoLi/ChemDBWebVersion/workspace/projects/adam-pi/runs/1,/home/chenghua/ZhuoLi/ChemDBWebVersion/workspace/projects/adam-pi/runs/1/training/ckpts/best.pt
54,-5.660059452056885,77,,COc1cccc(P(c2cccc(OC)c2)c2cccc(OC)c2)c1,quest_77,legacy_quest,False,False,True,,adam-pi_1_best,/home/chenghua/ZhuoLi/ChemDBWebVersion/workspace/projects/adam-pi/runs/1,/home/chenghua/ZhuoLi/ChemDBWebVersion/workspace/projects/adam-pi/runs/1/training/ckpts/best.pt
10,7.002676010131836,78,,COc1ccc(P(c2ccc(OC)cc2)c2ccc(OC)cc2)cc1,quest_78,legacy_quest,False,False,True,,adam-pi_1_best,/home/chenghua/ZhuoLi/ChemDBWebVersion/workspace/projects/adam-pi/runs/1,/home/chenghua/ZhuoLi/ChemDBWebVersion/workspace/projects/adam-pi/runs/1/training/ckpts/best.pt
225,-18.89626693725586,79,,FC(F)(F)c1ccccc1P(c1ccccc1C(F)(F)F)c1ccccc1C(F)(F)F,quest_79,legacy_quest,False,False,True,,adam-pi_1_best,/home/chenghua/ZhuoLi/ChemDBWebVersion/workspace/projects/adam-pi/runs/1,/home/chenghua/ZhuoLi/ChemDBWebVersion/workspace/projects/adam-pi/runs/1/training/ckpts/best.pt
4,10.474515914916992,80,,FC(F)(F)c1ccc(P(c2ccc(C(F)(F)F)cc2)c2ccc(C(F)(F)F)cc2)cc1,quest_80,legacy_quest,False,False,True,,adam-pi_1_best,/home/chenghua/ZhuoLi/ChemDBWebVersion/workspace/projects/adam-pi/runs/1,/home/chenghua/ZhuoLi/ChemDBWebVersion/workspace/projects/adam-pi/runs/1/training/ckpts/best.pt
2,15.676030158996582,81,,CN(C)c1ccc(P(c2ccc(N(C)C)cc2)c2ccc(N(C)C)cc2)cc1,quest_81,legacy_quest,False,False,True,,adam-pi_1_best,/home/chenghua/ZhuoLi/ChemDBWebVersion/workspace/projects/adam-pi/runs/1,/home/chenghua/ZhuoLi/ChemDBWebVersion/workspace/projects/adam-pi/runs/1/training/ckpts/best.pt
53,-5.335631370544434,82,,FC(F)(F)c1cc(P(c2cc(C(F)(F)F)cc(C(F)(F)F)c2)c2cc(C(F)(F)F)cc(C(F)(F)F)c2)cc(C(F)(F)F)c1,quest_82,legacy_quest,False,False,True,,adam-pi_1_best,/home/chenghua/ZhuoLi/ChemDBWebVersion/workspace/projects/adam-pi/runs/1,/home/chenghua/ZhuoLi/ChemDBWebVersion/workspace/projects/adam-pi/runs/1/training/ckpts/best.pt
15,3.843074321746826,83,,COc1c(C)cc(P(c2cc(C)c(OC)c(C)c2)c2cc(C)c(OC)c(C)c2)cc1C,quest_83,legacy_quest,False,False,True,,adam-pi_1_best,/home/chenghua/ZhuoLi/ChemDBWebVersion/workspace/projects/adam-pi/runs/1,/home/chenghua/ZhuoLi/ChemDBWebVersion/workspace/projects/adam-pi/runs/1/training/ckpts/best.pt
111,-9.961832046508789,84,,CC(C)(C)c1cccc(P(c2cccc(C(C)(C)C)c2)c2cccc(C(C)(C)C)c2)c1,quest_84,legacy_quest,False,False,True,,adam-pi_1_best,/home/chenghua/ZhuoLi/ChemDBWebVersion/workspace/projects/adam-pi/runs/1,/home/chenghua/ZhuoLi/ChemDBWebVersion/workspace/projects/adam-pi/runs/1/training/ckpts/best.pt
112,-10.09857177734375,86,,c1ccc2c(P(c3cccc4ccccc34)c3cccc4ccccc34)cccc2c1,quest_86,legacy_quest,False,False,True,,adam-pi_1_best,/home/chenghua/ZhuoLi/ChemDBWebVersion/workspace/projects/adam-pi/runs/1,/home/chenghua/ZhuoLi/ChemDBWebVersion/workspace/projects/adam-pi/runs/1/training/ckpts/best.pt
248,-20.734281539916992,87,,Fc1c(F)c(F)c(P(c2ccccc2)c2ccccc2)c(F)c1F,quest_87,legacy_quest,False,False,True,,adam-pi_1_best,/home/chenghua/ZhuoLi/ChemDBWebVersion/workspace/projects/adam-pi/runs/1,/home/chenghua/ZhuoLi/ChemDBWebVersion/workspace/projects/adam-pi/runs/1/training/ckpts/best.pt
47,-4.477906227111816,88,,O=S(P(C1=CC=CC=C1)C2=CC=CC=C2)(O)=O,quest_88,legacy_quest,False,False,True,,adam-pi_1_best,/home/chenghua/ZhuoLi/ChemDBWebVersion/workspace/projects/adam-pi/runs/1,/home/chenghua/ZhuoLi/ChemDBWebVersion/workspace/projects/adam-pi/runs/1/training/ckpts/best.pt
23,0.784210205078125,89,,Cc1ccccc1P(c1ccccc1)c1ccccc1,quest_89,legacy_quest,False,False,True,,adam-pi_1_best,/home/chenghua/ZhuoLi/ChemDBWebVersion/workspace/projects/adam-pi/runs/1,/home/chenghua/ZhuoLi/ChemDBWebVersion/workspace/projects/adam-pi/runs/1/training/ckpts/best.pt
20,1.0086743831634521,90,,COc1ccccc1P(c1ccccc1)c1ccccc1,quest_90,legacy_quest,False,False,True,,adam-pi_1_best,/home/chenghua/ZhuoLi/ChemDBWebVersion/workspace/projects/adam-pi/runs/1,/home/chenghua/ZhuoLi/ChemDBWebVersion/workspace/projects/adam-pi/runs/1/training/ckpts/best.pt
56,-5.7486162185668945,91,,O=C(O)c1ccccc1P(c1ccccc1)c1ccccc1,quest_91,legacy_quest,False,False,True,,adam-pi_1_best,/home/chenghua/ZhuoLi/ChemDBWebVersion/workspace/projects/adam-pi/runs/1,/home/chenghua/ZhuoLi/ChemDBWebVersion/workspace/projects/adam-pi/runs/1/training/ckpts/best.pt
35,-1.731337547302246,92,,O=C(O)c1ccc(P(c2ccccc2)c2ccccc2)cc1,quest_92,legacy_quest,False,False,True,,adam-pi_1_best,/home/chenghua/ZhuoLi/ChemDBWebVersion/workspace/projects/adam-pi/runs/1,/home/chenghua/ZhuoLi/ChemDBWebVersion/workspace/projects/adam-pi/runs/1/training/ckpts/best.pt
268,-23.37578582763672,94,,Fc1c(F)c(F)c(P(c2ccccc2)c2c(F)c(F)c(F)c(F)c2F)c(F)c1F,quest_94,legacy_quest,False,False,True,,adam-pi_1_best,/home/chenghua/ZhuoLi/ChemDBWebVersion/workspace/projects/adam-pi/runs/1,/home/chenghua/ZhuoLi/ChemDBWebVersion/workspace/projects/adam-pi/runs/1/training/ckpts/best.pt
87,-8.683157920837402,95,,Cc1ccccc1P(c1ccccc1)c1ccccc1C,quest_95,legacy_quest,False,False,True,,adam-pi_1_best,/home/chenghua/ZhuoLi/ChemDBWebVersion/workspace/projects/adam-pi/runs/1,/home/chenghua/ZhuoLi/ChemDBWebVersion/workspace/projects/adam-pi/runs/1/training/ckpts/best.pt
84,-8.458693504333496,96,,COc1ccccc1P(c1ccccc1)c1ccccc1OC,quest_96,legacy_quest,False,False,True,,adam-pi_1_best,/home/chenghua/ZhuoLi/ChemDBWebVersion/workspace/projects/adam-pi/runs/1,/home/chenghua/ZhuoLi/ChemDBWebVersion/workspace/projects/adam-pi/runs/1/training/ckpts/best.pt
102,-9.47186279296875,97,,CP(c1ccccc1)c1ccccc1,quest_97,legacy_quest,False,False,True,,adam-pi_1_best,/home/chenghua/ZhuoLi/ChemDBWebVersion/workspace/projects/adam-pi/runs/1,/home/chenghua/ZhuoLi/ChemDBWebVersion/workspace/projects/adam-pi/runs/1/training/ckpts/best.pt
46,-4.477364540100098,98,,FC(F)(F)P(c1ccccc1)c1ccccc1,quest_98,legacy_quest,False,False,True,,adam-pi_1_best,/home/chenghua/ZhuoLi/ChemDBWebVersion/workspace/projects/adam-pi/runs/1,/home/chenghua/ZhuoLi/ChemDBWebVersion/workspace/projects/adam-pi/runs/1/training/ckpts/best.pt
68,-6.7832818031311035,99,,CCP(c1ccccc1)c1ccccc1,quest_99,legacy_quest,False,False,True,,adam-pi_1_best,/home/chenghua/ZhuoLi/ChemDBWebVersion/workspace/projects/adam-pi/runs/1,/home/chenghua/ZhuoLi/ChemDBWebVersion/workspace/projects/adam-pi/runs/1/training/ckpts/best.pt
201,-16.379104614257812,100,,CC(=O)P(c1ccccc1)c1ccccc1,quest_100,legacy_quest,False,False,True,,adam-pi_1_best,/home/chenghua/ZhuoLi/ChemDBWebVersion/workspace/projects/adam-pi/runs/1,/home/chenghua/ZhuoLi/ChemDBWebVersion/workspace/projects/adam-pi/runs/1/training/ckpts/best.pt
27,-0.7976837158203125,101,,CC(C)P(c1ccccc1)c1ccccc1,quest_101,legacy_quest,False,False,True,,adam-pi_1_best,/home/chenghua/ZhuoLi/ChemDBWebVersion/workspace/projects/adam-pi/runs/1,/home/chenghua/ZhuoLi/ChemDBWebVersion/workspace/projects/adam-pi/runs/1/training/ckpts/best.pt
107,-9.647473335266113,102,,CC(C)(C)P(c1ccccc1)c1ccccc1,quest_102,legacy_quest,False,False,True,,adam-pi_1_best,/home/chenghua/ZhuoLi/ChemDBWebVersion/workspace/projects/adam-pi/runs/1,/home/chenghua/ZhuoLi/ChemDBWebVersion/workspace/projects/adam-pi/runs/1/training/ckpts/best.pt
125,-11.29827880859375,103,,c1ccc(P(c2ccccc2)C2CCCCC2)cc1,quest_103,legacy_quest,False,False,True,,adam-pi_1_best,/home/chenghua/ZhuoLi/ChemDBWebVersion/workspace/projects/adam-pi/runs/1,/home/chenghua/ZhuoLi/ChemDBWebVersion/workspace/projects/adam-pi/runs/1/training/ckpts/best.pt
226,-19.032190322875977,104,,c1ccc(CP(c2ccccc2)c2ccccc2)cc1,quest_104,legacy_quest,False,False,True,,adam-pi_1_best,/home/chenghua/ZhuoLi/ChemDBWebVersion/workspace/projects/adam-pi/runs/1,/home/chenghua/ZhuoLi/ChemDBWebVersion/workspace/projects/adam-pi/runs/1/training/ckpts/best.pt
321,-34.48808288574219,105,,C[C@H]1C[C@H](P(C2=CC=CC=C2)C3=CC=CC=C3)[C@H](C(C)C)CC1,quest_105,legacy_quest,False,False,True,,adam-pi_1_best,/home/chenghua/ZhuoLi/ChemDBWebVersion/workspace/projects/adam-pi/runs/1,/home/chenghua/ZhuoLi/ChemDBWebVersion/workspace/projects/adam-pi/runs/1/training/ckpts/best.pt
328,-37.54730987548828,106,,CC(C)(C)P(c1c(F)c(F)c(F)c(F)c1F)c1c(F)c(F)c(F)c(F)c1F,quest_106,legacy_quest,False,False,True,,adam-pi_1_best,/home/chenghua/ZhuoLi/ChemDBWebVersion/workspace/projects/adam-pi/runs/1,/home/chenghua/ZhuoLi/ChemDBWebVersion/workspace/projects/adam-pi/runs/1/training/ckpts/best.pt
63,-6.380990982055664,107,,CP(C)c1ccccc1,quest_107,legacy_quest,False,False,True,,adam-pi_1_best,/home/chenghua/ZhuoLi/ChemDBWebVersion/workspace/projects/adam-pi/runs/1,/home/chenghua/ZhuoLi/ChemDBWebVersion/workspace/projects/adam-pi/runs/1/training/ckpts/best.pt
124,-11.278831481933594,108,,FC(F)(F)P(c1ccccc1)C(F)(F)F,quest_108,legacy_quest,False,False,True,,adam-pi_1_best,/home/chenghua/ZhuoLi/ChemDBWebVersion/workspace/projects/adam-pi/runs/1,/home/chenghua/ZhuoLi/ChemDBWebVersion/workspace/projects/adam-pi/runs/1/training/ckpts/best.pt
65,-6.474425315856934,109,,CCP(CC)c1ccccc1,quest_109,legacy_quest,False,False,True,,adam-pi_1_best,/home/chenghua/ZhuoLi/ChemDBWebVersion/workspace/projects/adam-pi/runs/1,/home/chenghua/ZhuoLi/ChemDBWebVersion/workspace/projects/adam-pi/runs/1/training/ckpts/best.pt
168,-14.424928665161133,110,,CC(=O)P(C(C)=O)c1ccccc1,quest_110,legacy_quest,False,False,True,,adam-pi_1_best,/home/chenghua/ZhuoLi/ChemDBWebVersion/workspace/projects/adam-pi/runs/1,/home/chenghua/ZhuoLi/ChemDBWebVersion/workspace/projects/adam-pi/runs/1/training/ckpts/best.pt
42,-2.828774929046631,111,,CC(C)P(c1ccccc1)C(C)C,quest_111,legacy_quest,False,False,True,,adam-pi_1_best,/home/chenghua/ZhuoLi/ChemDBWebVersion/workspace/projects/adam-pi/runs/1,/home/chenghua/ZhuoLi/ChemDBWebVersion/workspace/projects/adam-pi/runs/1/training/ckpts/best.pt
283,-25.55840492248535,112,,CCC(C)P(c1ccccc1)C(C)CC,quest_112,legacy_quest,False,False,True,,adam-pi_1_best,/home/chenghua/ZhuoLi/ChemDBWebVersion/workspace/projects/adam-pi/runs/1,/home/chenghua/ZhuoLi/ChemDBWebVersion/workspace/projects/adam-pi/runs/1/training/ckpts/best.pt
103,-9.498968124389648,113,,CC(C)(C)P(c1ccccc1)C(C)(C)C,quest_113,legacy_quest,False,False,True,,adam-pi_1_best,/home/chenghua/ZhuoLi/ChemDBWebVersion/workspace/projects/adam-pi/runs/1,/home/chenghua/ZhuoLi/ChemDBWebVersion/workspace/projects/adam-pi/runs/1/training/ckpts/best.pt
82,-8.249250411987305,115,,c1ccc(CP(Cc2ccccc2)c2ccccc2)cc1,quest_115,legacy_quest,False,False,True,,adam-pi_1_best,/home/chenghua/ZhuoLi/ChemDBWebVersion/workspace/projects/adam-pi/runs/1,/home/chenghua/ZhuoLi/ChemDBWebVersion/workspace/projects/adam-pi/runs/1/training/ckpts/best.pt
314,-32.09395217895508,116,,CC(C)(C)P(c1c(F)c(F)c(F)c(F)c1F)C(C)(C)C,quest_116,legacy_quest,False,False,True,,adam-pi_1_best,/home/chenghua/ZhuoLi/ChemDBWebVersion/workspace/projects/adam-pi/runs/1,/home/chenghua/ZhuoLi/ChemDBWebVersion/workspace/projects/adam-pi/runs/1/training/ckpts/best.pt
80,-7.842397212982178,117,,Cc1cccc(P(C)C)c1,quest_117,legacy_quest,False,False,True,,adam-pi_1_best,/home/chenghua/ZhuoLi/ChemDBWebVersion/workspace/projects/adam-pi/runs/1,/home/chenghua/ZhuoLi/ChemDBWebVersion/workspace/projects/adam-pi/runs/1/training/ckpts/best.pt
32,-1.4913702011108398,118,,Cc1ccc(P(C)C)cc1,quest_118,legacy_quest,False,False,True,,adam-pi_1_best,/home/chenghua/ZhuoLi/ChemDBWebVersion/workspace/projects/adam-pi/runs/1,/home/chenghua/ZhuoLi/ChemDBWebVersion/workspace/projects/adam-pi/runs/1/training/ckpts/best.pt
149,-13.202316284179688,120,,CC(C)c1cccc(C(C)C)c1P(C1CCCCC1)C1CCCCC1,quest_120,legacy_quest,False,False,True,,adam-pi_1_best,/home/chenghua/ZhuoLi/ChemDBWebVersion/workspace/projects/adam-pi/runs/1,/home/chenghua/ZhuoLi/ChemDBWebVersion/workspace/projects/adam-pi/runs/1/training/ckpts/best.pt
181,-15.0586576461792,121,,CC(C)c1cc(C(C)C)c(P(C2CCCCC2)C2CCCCC2)c(C(C)C)c1,quest_121,legacy_quest,False,False,True,,adam-pi_1_best,/home/chenghua/ZhuoLi/ChemDBWebVersion/workspace/projects/adam-pi/runs/1,/home/chenghua/ZhuoLi/ChemDBWebVersion/workspace/projects/adam-pi/runs/1/training/ckpts/best.pt
194,-15.799722671508789,124,,CC(C)(C)P1CCCC1,quest_124,legacy_quest,False,False,True,,adam-pi_1_best,/home/chenghua/ZhuoLi/ChemDBWebVersion/workspace/projects/adam-pi/runs/1,/home/chenghua/ZhuoLi/ChemDBWebVersion/workspace/projects/adam-pi/runs/1/training/ckpts/best.pt
101,-9.439020156860352,125,,c1ccccc1P1CCCC1,quest_125,legacy_quest,False,False,True,,adam-pi_1_best,/home/chenghua/ZhuoLi/ChemDBWebVersion/workspace/projects/adam-pi/runs/1,/home/chenghua/ZhuoLi/ChemDBWebVersion/workspace/projects/adam-pi/runs/1/training/ckpts/best.pt
204,-16.81903648376465,126,,c1ccccc1P1CC(C)CC(C)1,quest_126,legacy_quest,False,False,True,,adam-pi_1_best,/home/chenghua/ZhuoLi/ChemDBWebVersion/workspace/projects/adam-pi/runs/1,/home/chenghua/ZhuoLi/ChemDBWebVersion/workspace/projects/adam-pi/runs/1/training/ckpts/best.pt
296,-26.927967071533203,127,,CC1P(C2=NC(NC(C(C)(C)C)=O)=CS2)C(C)CC1,quest_127,legacy_quest,False,False,True,,adam-pi_1_best,/home/chenghua/ZhuoLi/ChemDBWebVersion/workspace/projects/adam-pi/runs/1,/home/chenghua/ZhuoLi/ChemDBWebVersion/workspace/projects/adam-pi/runs/1/training/ckpts/best.pt
62,-6.303688049316406,128,,C1(C2=CC=CC=C2)NNC(C3=CC=CC=C3)P1C4=CC=CC=C4,quest_128,legacy_quest,False,False,True,,adam-pi_1_best,/home/chenghua/ZhuoLi/ChemDBWebVersion/workspace/projects/adam-pi/runs/1,/home/chenghua/ZhuoLi/ChemDBWebVersion/workspace/projects/adam-pi/runs/1/training/ckpts/best.pt
247,-20.69361686706543,129,,N1(CCCC2)N2C(C3=CC=CC=C3)P(C4=CC=CC=C4)C1C5=CC=CC=C5,quest_129,legacy_quest,False,False,True,,adam-pi_1_best,/home/chenghua/ZhuoLi/ChemDBWebVersion/workspace/projects/adam-pi/runs/1,/home/chenghua/ZhuoLi/ChemDBWebVersion/workspace/projects/adam-pi/runs/1/training/ckpts/best.pt
191,-15.723761558532715,130,,O=C(c1ccccc1C2=O)N3N2C(C(C)C)P(C4CCCCC4)C3C(C)C,quest_130,legacy_quest,False,False,True,,adam-pi_1_best,/home/chenghua/ZhuoLi/ChemDBWebVersion/workspace/projects/adam-pi/runs/1,/home/chenghua/ZhuoLi/ChemDBWebVersion/workspace/projects/adam-pi/runs/1/training/ckpts/best.pt
280,-25.050432205200195,131,,O=C(c1ccccc1C2=O)N3N2C(C(C)(C)C)P(C4CCCCC4)C3C(C)(C)C,quest_131,legacy_quest,False,False,True,,adam-pi_1_best,/home/chenghua/ZhuoLi/ChemDBWebVersion/workspace/projects/adam-pi/runs/1,/home/chenghua/ZhuoLi/ChemDBWebVersion/workspace/projects/adam-pi/runs/1/training/ckpts/best.pt
166,-14.359434127807617,132,,O=C(c1ccccc1C2=O)N3N2C(c4ccccc4)P(c4ccccc4)C3c4ccccc4,quest_132,legacy_quest,False,False,True,,adam-pi_1_best,/home/chenghua/ZhuoLi/ChemDBWebVersion/workspace/projects/adam-pi/runs/1,/home/chenghua/ZhuoLi/ChemDBWebVersion/workspace/projects/adam-pi/runs/1/training/ckpts/best.pt
324,-35.69100570678711,133,,O=C(c1ccccc1C2=O)N3N2C(c4c(F)c(F)c(F)c(F)c4F)P(c4ccccc4)C3c4c(F)c(F)c(F)c(F)c4F,quest_133,legacy_quest,False,False,True,,adam-pi_1_best,/home/chenghua/ZhuoLi/ChemDBWebVersion/workspace/projects/adam-pi/runs/1,/home/chenghua/ZhuoLi/ChemDBWebVersion/workspace/projects/adam-pi/runs/1/training/ckpts/best.pt
287,-25.92790412902832,134,,O=C(c1ccccc1C2=O)N3N2C(c4cccc5ccccc45)P(C4CCCCC4)C3c4cccc5ccccc45,quest_134,legacy_quest,False,False,True,,adam-pi_1_best,/home/chenghua/ZhuoLi/ChemDBWebVersion/workspace/projects/adam-pi/runs/1,/home/chenghua/ZhuoLi/ChemDBWebVersion/workspace/projects/adam-pi/runs/1/training/ckpts/best.pt
261,-22.897584915161133,135,,CP1c2ccccc2-c2ccccc2C1,quest_135,legacy_quest,False,False,True,,adam-pi_1_best,/home/chenghua/ZhuoLi/ChemDBWebVersion/workspace/projects/adam-pi/runs/1,/home/chenghua/ZhuoLi/ChemDBWebVersion/workspace/projects/adam-pi/runs/1/training/ckpts/best.pt
157,-13.871099472045898,136,,c1ccccc1P1c2ccccc2-c2ccccc2C1,quest_136,legacy_quest,False,False,True,,adam-pi_1_best,/home/chenghua/ZhuoLi/ChemDBWebVersion/workspace/projects/adam-pi/runs/1,/home/chenghua/ZhuoLi/ChemDBWebVersion/workspace/projects/adam-pi/runs/1/training/ckpts/best.pt
238,-19.732097625732422,137,,CC(C)(C)P1CCCCC1,quest_137,legacy_quest,False,False,True,,adam-pi_1_best,/home/chenghua/ZhuoLi/ChemDBWebVersion/workspace/projects/adam-pi/runs/1,/home/chenghua/ZhuoLi/ChemDBWebVersion/workspace/projects/adam-pi/runs/1/training/ckpts/best.pt
154,-13.371395111083984,138,,c1ccccc1P1CCCCC1,quest_138,legacy_quest,False,False,True,,adam-pi_1_best,/home/chenghua/ZhuoLi/ChemDBWebVersion/workspace/projects/adam-pi/runs/1,/home/chenghua/ZhuoLi/ChemDBWebVersion/workspace/projects/adam-pi/runs/1/training/ckpts/best.pt
148,-13.198832511901855,139,,O=C1CC([H])([H])P(C2=CC=CC=C2)C([H])([H])C1,quest_139,legacy_quest,False,False,True,,adam-pi_1_best,/home/chenghua/ZhuoLi/ChemDBWebVersion/workspace/projects/adam-pi/runs/1,/home/chenghua/ZhuoLi/ChemDBWebVersion/workspace/projects/adam-pi/runs/1/training/ckpts/best.pt
14,3.932774543762207,140,,O=C1C[C](c2ccccc2)P(c3ccccc3)[C](c4ccccc4)C1,quest_140,legacy_quest,False,False,True,,adam-pi_1_best,/home/chenghua/ZhuoLi/ChemDBWebVersion/workspace/projects/adam-pi/runs/1,/home/chenghua/ZhuoLi/ChemDBWebVersion/workspace/projects/adam-pi/runs/1/training/ckpts/best.pt
221,-18.34120750427246,141,,O=C1[C](c2ccccc2)CP(c3ccccc3)C(c4ccccc4)C1,quest_141,legacy_quest,False,False,True,,adam-pi_1_best,/home/chenghua/ZhuoLi/ChemDBWebVersion/workspace/projects/adam-pi/runs/1,/home/chenghua/ZhuoLi/ChemDBWebVersion/workspace/projects/adam-pi/runs/1/training/ckpts/best.pt
3,11.374675750732422,143,,CC(P(C(C)(C)C1)c2ccccc2)(C)CC1=O,quest_143,legacy_quest,False,False,True,,adam-pi_1_best,/home/chenghua/ZhuoLi/ChemDBWebVersion/workspace/projects/adam-pi/runs/1,/home/chenghua/ZhuoLi/ChemDBWebVersion/workspace/projects/adam-pi/runs/1/training/ckpts/best.pt
237,-19.732097625732422,144,,CC(C)(C)P1CCCCCC1,quest_144,legacy_quest,False,False,True,,adam-pi_1_best,/home/chenghua/ZhuoLi/ChemDBWebVersion/workspace/projects/adam-pi/runs/1,/home/chenghua/ZhuoLi/ChemDBWebVersion/workspace/projects/adam-pi/runs/1/training/ckpts/best.pt
153,-13.371395111083984,145,,c1ccccc1P1CCCCCC1,quest_145,legacy_quest,False,False,True,,adam-pi_1_best,/home/chenghua/ZhuoLi/ChemDBWebVersion/workspace/projects/adam-pi/runs/1,/home/chenghua/ZhuoLi/ChemDBWebVersion/workspace/projects/adam-pi/runs/1/training/ckpts/best.pt
262,-22.902416229248047,146,,CP1C2CCCC1CCC2,quest_146,legacy_quest,False,False,True,,adam-pi_1_best,/home/chenghua/ZhuoLi/ChemDBWebVersion/workspace/projects/adam-pi/runs/1,/home/chenghua/ZhuoLi/ChemDBWebVersion/workspace/projects/adam-pi/runs/1/training/ckpts/best.pt
277,-24.534099578857422,147,,CP1C2CCCCC1CC2,quest_147,legacy_quest,False,False,True,,adam-pi_1_best,/home/chenghua/ZhuoLi/ChemDBWebVersion/workspace/projects/adam-pi/runs/1,/home/chenghua/ZhuoLi/ChemDBWebVersion/workspace/projects/adam-pi/runs/1/training/ckpts/best.pt
276,-24.534099578857422,148,,CP1C2CCCCC1CC2,quest_148,legacy_quest,False,False,True,,adam-pi_1_best,/home/chenghua/ZhuoLi/ChemDBWebVersion/workspace/projects/adam-pi/runs/1,/home/chenghua/ZhuoLi/ChemDBWebVersion/workspace/projects/adam-pi/runs/1/training/ckpts/best.pt
269,-23.486129760742188,149,,CP1[C@@H](C2)O[C@@H]3C[C@H]1O[C@H]2O3,quest_149,legacy_quest,False,False,True,,adam-pi_1_best,/home/chenghua/ZhuoLi/ChemDBWebVersion/workspace/projects/adam-pi/runs/1,/home/chenghua/ZhuoLi/ChemDBWebVersion/workspace/projects/adam-pi/runs/1/training/ckpts/best.pt
270,-23.519441604614258,150,,FP1[C@](C2)(C)O[C@]3(C)C[C@@]1(C)O[C@H]2O3,quest_150,legacy_quest,False,False,True,,adam-pi_1_best,/home/chenghua/ZhuoLi/ChemDBWebVersion/workspace/projects/adam-pi/runs/1,/home/chenghua/ZhuoLi/ChemDBWebVersion/workspace/projects/adam-pi/runs/1/training/ckpts/best.pt
278,-24.58129119873047,151,,ClP1[C@](C2)(C)O[C@]3(C)C[C@@]1(C)O[C@H]2O3,quest_151,legacy_quest,False,False,True,,adam-pi_1_best,/home/chenghua/ZhuoLi/ChemDBWebVersion/workspace/projects/adam-pi/runs/1,/home/chenghua/ZhuoLi/ChemDBWebVersion/workspace/projects/adam-pi/runs/1/training/ckpts/best.pt
291,-26.42946434020996,152,,CP1[C@](C2)(C)O[C@]3(C)C[C@@]1(C)O[C@H]2O3,quest_152,legacy_quest,False,False,True,,adam-pi_1_best,/home/chenghua/ZhuoLi/ChemDBWebVersion/workspace/projects/adam-pi/runs/1,/home/chenghua/ZhuoLi/ChemDBWebVersion/workspace/projects/adam-pi/runs/1/training/ckpts/best.pt
320,-34.1377067565918,153,,FC(F)(F)P1[C@](C2)(C)O[C@]3(C)C[C@@]1(C)O[C@H]2O3,quest_153,legacy_quest,False,False,True,,adam-pi_1_best,/home/chenghua/ZhuoLi/ChemDBWebVersion/workspace/projects/adam-pi/runs/1,/home/chenghua/ZhuoLi/ChemDBWebVersion/workspace/projects/adam-pi/runs/1/training/ckpts/best.pt
317,-32.513221740722656,154,,CC(C)P1[C@](C2)(C)O[C@]3(C)C[C@@]1(C)O[C@H]2O3,quest_154,legacy_quest,False,False,True,,adam-pi_1_best,/home/chenghua/ZhuoLi/ChemDBWebVersion/workspace/projects/adam-pi/runs/1,/home/chenghua/ZhuoLi/ChemDBWebVersion/workspace/projects/adam-pi/runs/1/training/ckpts/best.pt
338,-41.952335357666016,155,,CCC(C)P1[C@](C2)(C)O[C@]3(C)C[C@@]1(C)O[C@H]2O3,quest_155,legacy_quest,False,False,True,,adam-pi_1_best,/home/chenghua/ZhuoLi/ChemDBWebVersion/workspace/projects/adam-pi/runs/1,/home/chenghua/ZhuoLi/ChemDBWebVersion/workspace/projects/adam-pi/runs/1/training/ckpts/best.pt
331,-39.018821716308594,156,,CC(C)(C)P1[C@](C2)(C)O[C@]3(C)C[C@@]1(C)O[C@H]2O3,quest_156,legacy_quest,False,False,True,,adam-pi_1_best,/home/chenghua/ZhuoLi/ChemDBWebVersion/workspace/projects/adam-pi/runs/1,/home/chenghua/ZhuoLi/ChemDBWebVersion/workspace/projects/adam-pi/runs/1/training/ckpts/best.pt
332,-39.033077239990234,157,,C1CCCCC1P2[C@](C3)(C)O[C@]4(C)C[C@@]2(C)O[C@H]3O4,quest_157,legacy_quest,False,False,True,,adam-pi_1_best,/home/chenghua/ZhuoLi/ChemDBWebVersion/workspace/projects/adam-pi/runs/1,/home/chenghua/ZhuoLi/ChemDBWebVersion/workspace/projects/adam-pi/runs/1/training/ckpts/best.pt
90,-8.8375244140625,158,,c1ccccc1P1[C@](C2)(C)O[C@]3(C)C[C@@]1(C)O[C@H]2O3,quest_158,legacy_quest,False,False,True,,adam-pi_1_best,/home/chenghua/ZhuoLi/ChemDBWebVersion/workspace/projects/adam-pi/runs/1,/home/chenghua/ZhuoLi/ChemDBWebVersion/workspace/projects/adam-pi/runs/1/training/ckpts/best.pt
195,-15.879133224487305,159,,CP(C)c1ccccc1-c1ccccc1,quest_159,legacy_quest,False,False,True,,adam-pi_1_best,/home/chenghua/ZhuoLi/ChemDBWebVersion/workspace/projects/adam-pi/runs/1,/home/chenghua/ZhuoLi/ChemDBWebVersion/workspace/projects/adam-pi/runs/1/training/ckpts/best.pt
40,-2.5679328441619873,160,,CC(C)P(c1ccccc1-c1ccccc1)C(C)C,quest_160,legacy_quest,False,False,True,,adam-pi_1_best,/home/chenghua/ZhuoLi/ChemDBWebVersion/workspace/projects/adam-pi/runs/1,/home/chenghua/ZhuoLi/ChemDBWebVersion/workspace/projects/adam-pi/runs/1/training/ckpts/best.pt
209,-17.371551513671875,161,,CCC(C)P(c1ccccc1-c1ccccc1)C(C)CC,quest_161,legacy_quest,False,False,True,,adam-pi_1_best,/home/chenghua/ZhuoLi/ChemDBWebVersion/workspace/projects/adam-pi/runs/1,/home/chenghua/ZhuoLi/ChemDBWebVersion/workspace/projects/adam-pi/runs/1/training/ckpts/best.pt
142,-12.415935516357422,162,,CC(C)(C)P(c1ccccc1-c1ccccc1)C(C)(C)C,quest_162,legacy_quest,False,False,True,,adam-pi_1_best,/home/chenghua/ZhuoLi/ChemDBWebVersion/workspace/projects/adam-pi/runs/1,/home/chenghua/ZhuoLi/ChemDBWebVersion/workspace/projects/adam-pi/runs/1/training/ckpts/best.pt
26,-0.6763005256652832,163,,C1CCCC1P(c2ccccc2-c3ccccc3)C4CCCC4,quest_163,legacy_quest,False,False,True,,adam-pi_1_best,/home/chenghua/ZhuoLi/ChemDBWebVersion/workspace/projects/adam-pi/runs/1,/home/chenghua/ZhuoLi/ChemDBWebVersion/workspace/projects/adam-pi/runs/1/training/ckpts/best.pt
48,-4.608675479888916,164,,C1CCCCC1P(c2ccccc2-c3ccccc3)C4CCCCC4,quest_164,legacy_quest,False,False,True,,adam-pi_1_best,/home/chenghua/ZhuoLi/ChemDBWebVersion/workspace/projects/adam-pi/runs/1,/home/chenghua/ZhuoLi/ChemDBWebVersion/workspace/projects/adam-pi/runs/1/training/ckpts/best.pt
11,6.260754585266113,165,,c1ccc(-c2ccccc2P(c2ccccc2)c2ccccc2)cc1,quest_165,legacy_quest,False,False,True,,adam-pi_1_best,/home/chenghua/ZhuoLi/ChemDBWebVersion/workspace/projects/adam-pi/runs/1,/home/chenghua/ZhuoLi/ChemDBWebVersion/workspace/projects/adam-pi/runs/1/training/ckpts/best.pt
192,-15.727760314941406,166,,Cc1ccccc1-c1ccccc1P(C(C)(C)C)C(C)(C)C,quest_166,legacy_quest,False,False,True,,adam-pi_1_best,/home/chenghua/ZhuoLi/ChemDBWebVersion/workspace/projects/adam-pi/runs/1,/home/chenghua/ZhuoLi/ChemDBWebVersion/workspace/projects/adam-pi/runs/1/training/ckpts/best.pt
72,-7.012469291687012,167,,Cc1ccccc1-c1ccccc1P(C1CCCCC1)C1CCCCC1,quest_167,legacy_quest,False,False,True,,adam-pi_1_best,/home/chenghua/ZhuoLi/ChemDBWebVersion/workspace/projects/adam-pi/runs/1,/home/chenghua/ZhuoLi/ChemDBWebVersion/workspace/projects/adam-pi/runs/1/training/ckpts/best.pt
293,-26.5209903717041,168,,CN(C)c1ccccc1-c1ccccc1P(C(C)(C)C)C(C)(C)C,quest_168,legacy_quest,False,False,True,,adam-pi_1_best,/home/chenghua/ZhuoLi/ChemDBWebVersion/workspace/projects/adam-pi/runs/1,/home/chenghua/ZhuoLi/ChemDBWebVersion/workspace/projects/adam-pi/runs/1/training/ckpts/best.pt
215,-17.805700302124023,169,,CN(C)c1ccccc1-c1ccccc1P(C1CCCCC1)C1CCCCC1,quest_169,legacy_quest,False,False,True,,adam-pi_1_best,/home/chenghua/ZhuoLi/ChemDBWebVersion/workspace/projects/adam-pi/runs/1,/home/chenghua/ZhuoLi/ChemDBWebVersion/workspace/projects/adam-pi/runs/1/training/ckpts/best.pt
58,-5.954948902130127,170,,CN(C)c1ccccc1-c1ccccc1P(c1ccccc1)c1ccccc1,quest_170,legacy_quest,False,False,True,,adam-pi_1_best,/home/chenghua/ZhuoLi/ChemDBWebVersion/workspace/projects/adam-pi/runs/1,/home/chenghua/ZhuoLi/ChemDBWebVersion/workspace/projects/adam-pi/runs/1/training/ckpts/best.pt
145,-12.773164749145508,171,,CN(C)c1cccc(N(C)C)c1-c1ccccc1P(C1CCCCC1)C1CCCCC1,quest_171,legacy_quest,False,False,True,,adam-pi_1_best,/home/chenghua/ZhuoLi/ChemDBWebVersion/workspace/projects/adam-pi/runs/1,/home/chenghua/ZhuoLi/ChemDBWebVersion/workspace/projects/adam-pi/runs/1/training/ckpts/best.pt
43,-2.9650156497955322,172,,COc1cccc(OC)c1-c1ccccc1P(C(C)(C)C)C(C)(C)C,quest_172,legacy_quest,False,False,True,,adam-pi_1_best,/home/chenghua/ZhuoLi/ChemDBWebVersion/workspace/projects/adam-pi/runs/1,/home/chenghua/ZhuoLi/ChemDBWebVersion/workspace/projects/adam-pi/runs/1/training/ckpts/best.pt
12,5.7502760887146,173,,COc1cccc(OC)c1-c1ccccc1P(C1CCCCC1)C1CCCCC1,quest_173,legacy_quest,False,False,True,,adam-pi_1_best,/home/chenghua/ZhuoLi/ChemDBWebVersion/workspace/projects/adam-pi/runs/1,/home/chenghua/ZhuoLi/ChemDBWebVersion/workspace/projects/adam-pi/runs/1/training/ckpts/best.pt
44,-3.8861348628997803,174,,CC(C)Oc1cccc(OC(C)C)c1-c1ccccc1P(C(C)(C)C)C(C)(C)C,quest_174,legacy_quest,False,False,True,,adam-pi_1_best,/home/chenghua/ZhuoLi/ChemDBWebVersion/workspace/projects/adam-pi/runs/1,/home/chenghua/ZhuoLi/ChemDBWebVersion/workspace/projects/adam-pi/runs/1/training/ckpts/best.pt
13,4.829155921936035,175,,CC(C)Oc1cccc(OC(C)C)c1-c1ccccc1P(C1CCCCC1)C1CCCCC1,quest_175,legacy_quest,False,False,True,,adam-pi_1_best,/home/chenghua/ZhuoLi/ChemDBWebVersion/workspace/projects/adam-pi/runs/1,/home/chenghua/ZhuoLi/ChemDBWebVersion/workspace/projects/adam-pi/runs/1/training/ckpts/best.pt
159,-13.889558792114258,176,,Cc1cc(C)c(-c2ccccc2P(c2ccccc2C)c2ccccc2C)c(C)c1,quest_176,legacy_quest,False,False,True,,adam-pi_1_best,/home/chenghua/ZhuoLi/ChemDBWebVersion/workspace/projects/adam-pi/runs/1,/home/chenghua/ZhuoLi/ChemDBWebVersion/workspace/projects/adam-pi/runs/1/training/ckpts/best.pt
94,-8.920336723327637,177,,CC(C)c1cc(C(C)C)c(-c2ccccc2P(C(C)C)C(C)C)c(C(C)C)c1,quest_177,legacy_quest,False,False,True,,adam-pi_1_best,/home/chenghua/ZhuoLi/ChemDBWebVersion/workspace/projects/adam-pi/runs/1,/home/chenghua/ZhuoLi/ChemDBWebVersion/workspace/projects/adam-pi/runs/1/training/ckpts/best.pt
234,-19.640907287597656,178,,CCC(C)P(c1ccccc1-c1c(C(C)C)cc(C(C)C)cc1C(C)C)C(C)CC,quest_178,legacy_quest,False,False,True,,adam-pi_1_best,/home/chenghua/ZhuoLi/ChemDBWebVersion/workspace/projects/adam-pi/runs/1,/home/chenghua/ZhuoLi/ChemDBWebVersion/workspace/projects/adam-pi/runs/1/training/ckpts/best.pt
202,-16.495737075805664,179,,CC(C)c1cc(C(C)C)c(-c2ccccc2P(C(C)(C)C)C(C)(C)C)c(C(C)C)c1,quest_179,legacy_quest,False,False,True,,adam-pi_1_best,/home/chenghua/ZhuoLi/ChemDBWebVersion/workspace/projects/adam-pi/runs/1,/home/chenghua/ZhuoLi/ChemDBWebVersion/workspace/projects/adam-pi/runs/1/training/ckpts/best.pt
79,-7.780444145202637,180,,CC(C)c1cc(C(C)C)c(-c2ccccc2P(C2CCCCC2)C2CCCCC2)c(C(C)C)c1,quest_180,legacy_quest,False,False,True,,adam-pi_1_best,/home/chenghua/ZhuoLi/ChemDBWebVersion/workspace/projects/adam-pi/runs/1,/home/chenghua/ZhuoLi/ChemDBWebVersion/workspace/projects/adam-pi/runs/1/training/ckpts/best.pt
193,-15.775995254516602,181,,CC(C)(C)P(c1ccn(-c2ccccc2)c1)C(C)(C)C,quest_181,legacy_quest,False,False,True,,adam-pi_1_best,/home/chenghua/ZhuoLi/ChemDBWebVersion/workspace/projects/adam-pi/runs/1,/home/chenghua/ZhuoLi/ChemDBWebVersion/workspace/projects/adam-pi/runs/1/training/ckpts/best.pt
182,-15.087932586669922,182,,C1CCCCC1P(c2ccn(-c3ccccc3)c2)C4CCCCC4,quest_182,legacy_quest,False,False,True,,adam-pi_1_best,/home/chenghua/ZhuoLi/ChemDBWebVersion/workspace/projects/adam-pi/runs/1,/home/chenghua/ZhuoLi/ChemDBWebVersion/workspace/projects/adam-pi/runs/1/training/ckpts/best.pt
316,-32.423152923583984,183,,Cc1cc(C)c(-n2ccnc2P(C2CCCCC2)C2CCCCC2)c(C)c1,quest_183,legacy_quest,False,False,True,,adam-pi_1_best,/home/chenghua/ZhuoLi/ChemDBWebVersion/workspace/projects/adam-pi/runs/1,/home/chenghua/ZhuoLi/ChemDBWebVersion/workspace/projects/adam-pi/runs/1/training/ckpts/best.pt
339,-42.497047424316406,185,,CN1C(c2ccccc2P(C3CCCCC3)C4CCCCC4)Cc5c1cccc5,quest_185,legacy_quest,False,False,True,,adam-pi_1_best,/home/chenghua/ZhuoLi/ChemDBWebVersion/workspace/projects/adam-pi/runs/1,/home/chenghua/ZhuoLi/ChemDBWebVersion/workspace/projects/adam-pi/runs/1/training/ckpts/best.pt
59,-5.989720344543457,186,,COc1c(c2c(C3=CC=CC=C3)cccc2P(C4=CC=CC=C4)C5=CC=CC=C5)c6ccccc6cc1,quest_186,legacy_quest,False,False,True,,adam-pi_1_best,/home/chenghua/ZhuoLi/ChemDBWebVersion/workspace/projects/adam-pi/runs/1,/home/chenghua/ZhuoLi/ChemDBWebVersion/workspace/projects/adam-pi/runs/1/training/ckpts/best.pt
273,-24.081466674804688,187,,CC(P(c1ccc2ccccc2c1c3cccc4ccccc43)C(C)(C)C)(C)C,quest_187,legacy_quest,False,False,True,,adam-pi_1_best,/home/chenghua/ZhuoLi/ChemDBWebVersion/workspace/projects/adam-pi/runs/1,/home/chenghua/ZhuoLi/ChemDBWebVersion/workspace/projects/adam-pi/runs/1/training/ckpts/best.pt
282,-25.309255599975586,188,,c12ccccc1c3ccccc3c(c4ccccc4P(C5CCCCC5)C6CCCCC6)c2,quest_188,legacy_quest,False,False,True,,adam-pi_1_best,/home/chenghua/ZhuoLi/ChemDBWebVersion/workspace/projects/adam-pi/runs/1,/home/chenghua/ZhuoLi/ChemDBWebVersion/workspace/projects/adam-pi/runs/1/training/ckpts/best.pt
130,-11.789167404174805,189,,FP(F)F,quest_189,legacy_quest,False,False,True,,adam-pi_1_best,/home/chenghua/ZhuoLi/ChemDBWebVersion/workspace/projects/adam-pi/runs/1,/home/chenghua/ZhuoLi/ChemDBWebVersion/workspace/projects/adam-pi/runs/1/training/ckpts/best.pt
106,-9.597691535949707,190,,ClP(Cl)Cl,quest_190,legacy_quest,False,False,True,,adam-pi_1_best,/home/chenghua/ZhuoLi/ChemDBWebVersion/workspace/projects/adam-pi/runs/1,/home/chenghua/ZhuoLi/ChemDBWebVersion/workspace/projects/adam-pi/runs/1/training/ckpts/best.pt
97,-9.18390941619873,191,,BrP(Br)Br,quest_191,legacy_quest,False,False,True,,adam-pi_1_best,/home/chenghua/ZhuoLi/ChemDBWebVersion/workspace/projects/adam-pi/runs/1,/home/chenghua/ZhuoLi/ChemDBWebVersion/workspace/projects/adam-pi/runs/1/training/ckpts/best.pt
131,-11.878740310668945,192,,IP(I)I,quest_192,legacy_quest,False,False,True,,adam-pi_1_best,/home/chenghua/ZhuoLi/ChemDBWebVersion/workspace/projects/adam-pi/runs/1,/home/chenghua/ZhuoLi/ChemDBWebVersion/workspace/projects/adam-pi/runs/1/training/ckpts/best.pt
78,-7.738198280334473,193,,FPF,quest_193,legacy_quest,False,False,True,,adam-pi_1_best,/home/chenghua/ZhuoLi/ChemDBWebVersion/workspace/projects/adam-pi/runs/1,/home/chenghua/ZhuoLi/ChemDBWebVersion/workspace/projects/adam-pi/runs/1/training/ckpts/best.pt
110,-9.934202194213867,194,,CP(F)F,quest_194,legacy_quest,False,False,True,,adam-pi_1_best,/home/chenghua/ZhuoLi/ChemDBWebVersion/workspace/projects/adam-pi/runs/1,/home/chenghua/ZhuoLi/ChemDBWebVersion/workspace/projects/adam-pi/runs/1/training/ckpts/best.pt
69,-6.855954647064209,195,,COP(F)F,quest_195,legacy_quest,False,False,True,,adam-pi_1_best,/home/chenghua/ZhuoLi/ChemDBWebVersion/workspace/projects/adam-pi/runs/1,/home/chenghua/ZhuoLi/ChemDBWebVersion/workspace/projects/adam-pi/runs/1/training/ckpts/best.pt
118,-10.824372291564941,196,,CCP(F)F,quest_196,legacy_quest,False,False,True,,adam-pi_1_best,/home/chenghua/ZhuoLi/ChemDBWebVersion/workspace/projects/adam-pi/runs/1,/home/chenghua/ZhuoLi/ChemDBWebVersion/workspace/projects/adam-pi/runs/1/training/ckpts/best.pt
129,-11.745674133300781,197,,CN(C)P(F)F,quest_197,legacy_quest,False,False,True,,adam-pi_1_best,/home/chenghua/ZhuoLi/ChemDBWebVersion/workspace/projects/adam-pi/runs/1,/home/chenghua/ZhuoLi/ChemDBWebVersion/workspace/projects/adam-pi/runs/1/training/ckpts/best.pt
139,-12.234007835388184,198,,CC(C)(C)P(F)F,quest_198,legacy_quest,False,False,True,,adam-pi_1_best,/home/chenghua/ZhuoLi/ChemDBWebVersion/workspace/projects/adam-pi/runs/1,/home/chenghua/ZhuoLi/ChemDBWebVersion/workspace/projects/adam-pi/runs/1/training/ckpts/best.pt
50,-4.832217693328857,199,,FP(F)c1ccccc1,quest_199,legacy_quest,False,False,True,,adam-pi_1_best,/home/chenghua/ZhuoLi/ChemDBWebVersion/workspace/projects/adam-pi/runs/1,/home/chenghua/ZhuoLi/ChemDBWebVersion/workspace/projects/adam-pi/runs/1/training/ckpts/best.pt
186,-15.520027160644531,200,,ClPCl,quest_200,legacy_quest,False,False,True,,adam-pi_1_best,/home/chenghua/ZhuoLi/ChemDBWebVersion/workspace/projects/adam-pi/runs/1,/home/chenghua/ZhuoLi/ChemDBWebVersion/workspace/projects/adam-pi/runs/1/training/ckpts/best.pt
99,-9.335173606872559,201,,CP(Cl)Cl,quest_201,legacy_quest,False,False,True,,adam-pi_1_best,/home/chenghua/ZhuoLi/ChemDBWebVersion/workspace/projects/adam-pi/runs/1,/home/chenghua/ZhuoLi/ChemDBWebVersion/workspace/projects/adam-pi/runs/1/training/ckpts/best.pt
67,-6.730033874511719,202,,COP(Cl)Cl,quest_202,legacy_quest,False,False,True,,adam-pi_1_best,/home/chenghua/ZhuoLi/ChemDBWebVersion/workspace/projects/adam-pi/runs/1,/home/chenghua/ZhuoLi/ChemDBWebVersion/workspace/projects/adam-pi/runs/1/training/ckpts/best.pt
147,-13.027325630187988,203,,CN(C)P(Cl)Cl,quest_203,legacy_quest,False,False,True,,adam-pi_1_best,/home/chenghua/ZhuoLi/ChemDBWebVersion/workspace/projects/adam-pi/runs/1,/home/chenghua/ZhuoLi/ChemDBWebVersion/workspace/projects/adam-pi/runs/1/training/ckpts/best.pt
156,-13.726816177368164,204,,ClP(Cl)C1CCCCC1,quest_204,legacy_quest,False,False,True,,adam-pi_1_best,/home/chenghua/ZhuoLi/ChemDBWebVersion/workspace/projects/adam-pi/runs/1,/home/chenghua/ZhuoLi/ChemDBWebVersion/workspace/projects/adam-pi/runs/1/training/ckpts/best.pt
119,-11.097639083862305,205,,FP,quest_205,legacy_quest,False,False,True,,adam-pi_1_best,/home/chenghua/ZhuoLi/ChemDBWebVersion/workspace/projects/adam-pi/runs/1,/home/chenghua/ZhuoLi/ChemDBWebVersion/workspace/projects/adam-pi/runs/1/training/ckpts/best.pt
122,-11.183082580566406,206,,CP(C)F,quest_206,legacy_quest,False,False,True,,adam-pi_1_best,/home/chenghua/ZhuoLi/ChemDBWebVersion/workspace/projects/adam-pi/runs/1,/home/chenghua/ZhuoLi/ChemDBWebVersion/workspace/projects/adam-pi/runs/1/training/ckpts/best.pt
169,-14.455240249633789,207,,COP(F)OC,quest_207,legacy_quest,False,False,True,,adam-pi_1_best,/home/chenghua/ZhuoLi/ChemDBWebVersion/workspace/projects/adam-pi/runs/1,/home/chenghua/ZhuoLi/ChemDBWebVersion/workspace/projects/adam-pi/runs/1/training/ckpts/best.pt
172,-14.590540885925293,208,,CCP(F)CC,quest_208,legacy_quest,False,False,True,,adam-pi_1_best,/home/chenghua/ZhuoLi/ChemDBWebVersion/workspace/projects/adam-pi/runs/1,/home/chenghua/ZhuoLi/ChemDBWebVersion/workspace/projects/adam-pi/runs/1/training/ckpts/best.pt
264,-23.080461502075195,209,,CN(C)P(F)N(C)C,quest_209,legacy_quest,False,False,True,,adam-pi_1_best,/home/chenghua/ZhuoLi/ChemDBWebVersion/workspace/projects/adam-pi/runs/1,/home/chenghua/ZhuoLi/ChemDBWebVersion/workspace/projects/adam-pi/runs/1/training/ckpts/best.pt
240,-19.979158401489258,210,,CC(C)(C)P(F)C(C)(C)C,quest_210,legacy_quest,False,False,True,,adam-pi_1_best,/home/chenghua/ZhuoLi/ChemDBWebVersion/workspace/projects/adam-pi/runs/1,/home/chenghua/ZhuoLi/ChemDBWebVersion/workspace/projects/adam-pi/runs/1/training/ckpts/best.pt
158,-13.874855041503906,211,,FP(c1ccccc1)c1ccccc1,quest_211,legacy_quest,False,False,True,,adam-pi_1_best,/home/chenghua/ZhuoLi/ChemDBWebVersion/workspace/projects/adam-pi/runs/1,/home/chenghua/ZhuoLi/ChemDBWebVersion/workspace/projects/adam-pi/runs/1/training/ckpts/best.pt
170,-14.469385147094727,212,,PCl,quest_212,legacy_quest,False,False,True,,adam-pi_1_best,/home/chenghua/ZhuoLi/ChemDBWebVersion/workspace/projects/adam-pi/runs/1,/home/chenghua/ZhuoLi/ChemDBWebVersion/workspace/projects/adam-pi/runs/1/training/ckpts/best.pt
114,-10.359416961669922,213,,CP(C)Cl,quest_213,legacy_quest,False,False,True,,adam-pi_1_best,/home/chenghua/ZhuoLi/ChemDBWebVersion/workspace/projects/adam-pi/runs/1,/home/chenghua/ZhuoLi/ChemDBWebVersion/workspace/projects/adam-pi/runs/1/training/ckpts/best.pt
28,-0.8219051361083984,214,,COP(Cl)OC,quest_214,legacy_quest,False,False,True,,adam-pi_1_best,/home/chenghua/ZhuoLi/ChemDBWebVersion/workspace/projects/adam-pi/runs/1,/home/chenghua/ZhuoLi/ChemDBWebVersion/workspace/projects/adam-pi/runs/1/training/ckpts/best.pt
212,-17.55150032043457,215,,CN(C)P(Cl)N(C)C,quest_215,legacy_quest,False,False,True,,adam-pi_1_best,/home/chenghua/ZhuoLi/ChemDBWebVersion/workspace/projects/adam-pi/runs/1,/home/chenghua/ZhuoLi/ChemDBWebVersion/workspace/projects/adam-pi/runs/1/training/ckpts/best.pt
92,-8.902515411376953,216,,CC(C)(C)P(Cl)C(C)(C)C,quest_216,legacy_quest,False,False,True,,adam-pi_1_best,/home/chenghua/ZhuoLi/ChemDBWebVersion/workspace/projects/adam-pi/runs/1,/home/chenghua/ZhuoLi/ChemDBWebVersion/workspace/projects/adam-pi/runs/1/training/ckpts/best.pt
117,-10.574981689453125,217,,ClP(C1CCCCC1)C1CCCCC1,quest_217,legacy_quest,False,False,True,,adam-pi_1_best,/home/chenghua/ZhuoLi/ChemDBWebVersion/workspace/projects/adam-pi/runs/1,/home/chenghua/ZhuoLi/ChemDBWebVersion/workspace/projects/adam-pi/runs/1/training/ckpts/best.pt
109,-9.733136177062988,218,,COP(OC)OC,quest_218,legacy_quest,False,False,True,,adam-pi_1_best,/home/chenghua/ZhuoLi/ChemDBWebVersion/workspace/projects/adam-pi/runs/1,/home/chenghua/ZhuoLi/ChemDBWebVersion/workspace/projects/adam-pi/runs/1/training/ckpts/best.pt
73,-7.057015419006348,219,,FC(F)(F)OP(OC(F)(F)F)OC(F)(F)F,quest_219,legacy_quest,False,False,True,,adam-pi_1_best,/home/chenghua/ZhuoLi/ChemDBWebVersion/workspace/projects/adam-pi/runs/1,/home/chenghua/ZhuoLi/ChemDBWebVersion/workspace/projects/adam-pi/runs/1/training/ckpts/best.pt
207,-17.103689193725586,220,,CCOP(OCC)OCC,quest_220,legacy_quest,False,False,True,,adam-pi_1_best,/home/chenghua/ZhuoLi/ChemDBWebVersion/workspace/projects/adam-pi/runs/1,/home/chenghua/ZhuoLi/ChemDBWebVersion/workspace/projects/adam-pi/runs/1/training/ckpts/best.pt
310,-30.20207405090332,221,,FC(F)(F)COP(OCC(F)(F)F)OCC(F)(F)F,quest_221,legacy_quest,False,False,True,,adam-pi_1_best,/home/chenghua/ZhuoLi/ChemDBWebVersion/workspace/projects/adam-pi/runs/1,/home/chenghua/ZhuoLi/ChemDBWebVersion/workspace/projects/adam-pi/runs/1/training/ckpts/best.pt
135,-12.029010772705078,222,,CC(C)OP(OC(C)C)OC(C)C,quest_222,legacy_quest,False,False,True,,adam-pi_1_best,/home/chenghua/ZhuoLi/ChemDBWebVersion/workspace/projects/adam-pi/runs/1,/home/chenghua/ZhuoLi/ChemDBWebVersion/workspace/projects/adam-pi/runs/1/training/ckpts/best.pt
274,-24.20688247680664,223,,CCCCOP(OCCCC)OCCCC,quest_223,legacy_quest,False,False,True,,adam-pi_1_best,/home/chenghua/ZhuoLi/ChemDBWebVersion/workspace/projects/adam-pi/runs/1,/home/chenghua/ZhuoLi/ChemDBWebVersion/workspace/projects/adam-pi/runs/1/training/ckpts/best.pt
289,-26.205080032348633,224,,CC(C)COP(OCC(C)C)OCC(C)C,quest_224,legacy_quest,False,False,True,,adam-pi_1_best,/home/chenghua/ZhuoLi/ChemDBWebVersion/workspace/projects/adam-pi/runs/1,/home/chenghua/ZhuoLi/ChemDBWebVersion/workspace/projects/adam-pi/runs/1/training/ckpts/best.pt
231,-19.22077178955078,225,,CC(C)(C)OP(OC(C)(C)C)OC(C)(C)C,quest_225,legacy_quest,False,False,True,,adam-pi_1_best,/home/chenghua/ZhuoLi/ChemDBWebVersion/workspace/projects/adam-pi/runs/1,/home/chenghua/ZhuoLi/ChemDBWebVersion/workspace/projects/adam-pi/runs/1/training/ckpts/best.pt
312,-30.730920791625977,226,,FC(F)(F)C(OP(OC(C(F)(F)F)(C(F)(F)F)C(F)(F)F)OC(C(F)(F)F)(C(F)(F)F)C(F)(F)F)(C(F)(F)F)C(F)(F)F,quest_226,legacy_quest,False,False,True,,adam-pi_1_best,/home/chenghua/ZhuoLi/ChemDBWebVersion/workspace/projects/adam-pi/runs/1,/home/chenghua/ZhuoLi/ChemDBWebVersion/workspace/projects/adam-pi/runs/1/training/ckpts/best.pt
311,-30.33417510986328,227,,CC(C)(C)COP(OCC(C)(C)C)OCC(C)(C)C,quest_227,legacy_quest,False,False,True,,adam-pi_1_best,/home/chenghua/ZhuoLi/ChemDBWebVersion/workspace/projects/adam-pi/runs/1,/home/chenghua/ZhuoLi/ChemDBWebVersion/workspace/projects/adam-pi/runs/1/training/ckpts/best.pt
187,-15.548298835754395,228,,C1CCC(OP(OC2CCCCC2)OC2CCCCC2)CC1,quest_228,legacy_quest,False,False,True,,adam-pi_1_best,/home/chenghua/ZhuoLi/ChemDBWebVersion/workspace/projects/adam-pi/runs/1,/home/chenghua/ZhuoLi/ChemDBWebVersion/workspace/projects/adam-pi/runs/1/training/ckpts/best.pt
190,-15.64079475402832,229,,c1ccc(OP(Oc2ccccc2)Oc2ccccc2)cc1,quest_229,legacy_quest,False,False,True,,adam-pi_1_best,/home/chenghua/ZhuoLi/ChemDBWebVersion/workspace/projects/adam-pi/runs/1,/home/chenghua/ZhuoLi/ChemDBWebVersion/workspace/projects/adam-pi/runs/1/training/ckpts/best.pt
216,-18.065338134765625,230,,Clc1ccc(OP(Oc2ccc(Cl)cc2)Oc2ccc(Cl)cc2)cc1,quest_230,legacy_quest,False,False,True,,adam-pi_1_best,/home/chenghua/ZhuoLi/ChemDBWebVersion/workspace/projects/adam-pi/runs/1,/home/chenghua/ZhuoLi/ChemDBWebVersion/workspace/projects/adam-pi/runs/1/training/ckpts/best.pt
308,-29.607805252075195,231,,Fc1c(F)c(F)c(OP(Oc2c(F)c(F)c(F)c(F)c2F)Oc2c(F)c(F)c(F)c(F)c2F)c(F)c1F,quest_231,legacy_quest,False,False,True,,adam-pi_1_best,/home/chenghua/ZhuoLi/ChemDBWebVersion/workspace/projects/adam-pi/runs/1,/home/chenghua/ZhuoLi/ChemDBWebVersion/workspace/projects/adam-pi/runs/1/training/ckpts/best.pt
38,-2.2745187282562256,232,,Cc1ccccc1OP(Oc1ccccc1C)Oc1ccccc1C,quest_232,legacy_quest,False,False,True,,adam-pi_1_best,/home/chenghua/ZhuoLi/ChemDBWebVersion/workspace/projects/adam-pi/runs/1,/home/chenghua/ZhuoLi/ChemDBWebVersion/workspace/projects/adam-pi/runs/1/training/ckpts/best.pt
161,-14.02386474609375,233,,Cc1ccc(OP(Oc2ccc(C)cc2)Oc2ccc(C)cc2)cc1,quest_233,legacy_quest,False,False,True,,adam-pi_1_best,/home/chenghua/ZhuoLi/ChemDBWebVersion/workspace/projects/adam-pi/runs/1,/home/chenghua/ZhuoLi/ChemDBWebVersion/workspace/projects/adam-pi/runs/1/training/ckpts/best.pt
175,-14.858531951904297,234,,COc1ccc(OP(Oc2ccc(OC)cc2)Oc2ccc(OC)cc2)cc1,quest_234,legacy_quest,False,False,True,,adam-pi_1_best,/home/chenghua/ZhuoLi/ChemDBWebVersion/workspace/projects/adam-pi/runs/1,/home/chenghua/ZhuoLi/ChemDBWebVersion/workspace/projects/adam-pi/runs/1/training/ckpts/best.pt
299,-27.680397033691406,235,,N#Cc1ccc(OP(Oc2ccc(C#N)cc2)Oc2ccc(C#N)cc2)cc1,quest_235,legacy_quest,False,False,True,,adam-pi_1_best,/home/chenghua/ZhuoLi/ChemDBWebVersion/workspace/projects/adam-pi/runs/1,/home/chenghua/ZhuoLi/ChemDBWebVersion/workspace/projects/adam-pi/runs/1/training/ckpts/best.pt
24,-0.25963521003723145,236,,CC(C)c1ccccc1OP(Oc1ccccc1C(C)C)Oc1ccccc1C(C)C,quest_236,legacy_quest,False,False,True,,adam-pi_1_best,/home/chenghua/ZhuoLi/ChemDBWebVersion/workspace/projects/adam-pi/runs/1,/home/chenghua/ZhuoLi/ChemDBWebVersion/workspace/projects/adam-pi/runs/1/training/ckpts/best.pt
214,-17.756399154663086,237,,CC(C)(C)c1ccccc1OP(Oc1ccccc1C(C)(C)C)Oc1ccccc1C(C)(C)C,quest_237,legacy_quest,False,False,True,,adam-pi_1_best,/home/chenghua/ZhuoLi/ChemDBWebVersion/workspace/projects/adam-pi/runs/1,/home/chenghua/ZhuoLi/ChemDBWebVersion/workspace/projects/adam-pi/runs/1/training/ckpts/best.pt
33,-1.6038172245025635,238,,c1ccc(-c2ccccc2OP(Oc2ccccc2-c2ccccc2)Oc2ccccc2-c2ccccc2)cc1,quest_238,legacy_quest,False,False,True,,adam-pi_1_best,/home/chenghua/ZhuoLi/ChemDBWebVersion/workspace/projects/adam-pi/runs/1,/home/chenghua/ZhuoLi/ChemDBWebVersion/workspace/projects/adam-pi/runs/1/training/ckpts/best.pt
290,-26.417552947998047,239,,CC(C)(C)c1ccc(OP(Oc2ccc(C(C)(C)C)cc2C(C)(C)C)Oc2ccc(C(C)(C)C)cc2C(C)(C)C)c(C(C)(C)C)c1,quest_239,legacy_quest,False,False,True,,adam-pi_1_best,/home/chenghua/ZhuoLi/ChemDBWebVersion/workspace/projects/adam-pi/runs/1,/home/chenghua/ZhuoLi/ChemDBWebVersion/workspace/projects/adam-pi/runs/1/training/ckpts/best.pt
151,-13.322525978088379,240,,CC(C)(C)OPOC(C)(C)C,quest_240,legacy_quest,False,False,True,,adam-pi_1_best,/home/chenghua/ZhuoLi/ChemDBWebVersion/workspace/projects/adam-pi/runs/1,/home/chenghua/ZhuoLi/ChemDBWebVersion/workspace/projects/adam-pi/runs/1/training/ckpts/best.pt
213,-17.55502700805664,241,,COP(C)OC,quest_241,legacy_quest,False,False,True,,adam-pi_1_best,/home/chenghua/ZhuoLi/ChemDBWebVersion/workspace/projects/adam-pi/runs/1,/home/chenghua/ZhuoLi/ChemDBWebVersion/workspace/projects/adam-pi/runs/1/training/ckpts/best.pt
88,-8.711359977722168,242,,COP(OC)C(F)(F)F,quest_242,legacy_quest,False,False,True,,adam-pi_1_best,/home/chenghua/ZhuoLi/ChemDBWebVersion/workspace/projects/adam-pi/runs/1,/home/chenghua/ZhuoLi/ChemDBWebVersion/workspace/projects/adam-pi/runs/1/training/ckpts/best.pt
45,-4.001972675323486,243,,COP(OC)C(C)(C)C,quest_243,legacy_quest,False,False,True,,adam-pi_1_best,/home/chenghua/ZhuoLi/ChemDBWebVersion/workspace/projects/adam-pi/runs/1,/home/chenghua/ZhuoLi/ChemDBWebVersion/workspace/projects/adam-pi/runs/1/training/ckpts/best.pt
178,-15.017013549804688,244,,COP(OC)C1CCCCC1,quest_244,legacy_quest,False,False,True,,adam-pi_1_best,/home/chenghua/ZhuoLi/ChemDBWebVersion/workspace/projects/adam-pi/runs/1,/home/chenghua/ZhuoLi/ChemDBWebVersion/workspace/projects/adam-pi/runs/1/training/ckpts/best.pt
134,-12.025225639343262,245,,COP(OC)c1ccccc1,quest_245,legacy_quest,False,False,True,,adam-pi_1_best,/home/chenghua/ZhuoLi/ChemDBWebVersion/workspace/projects/adam-pi/runs/1,/home/chenghua/ZhuoLi/ChemDBWebVersion/workspace/projects/adam-pi/runs/1/training/ckpts/best.pt
120,-11.148140907287598,246,,CC(C)OP(OC(C)C)c1ccccc1,quest_246,legacy_quest,False,False,True,,adam-pi_1_best,/home/chenghua/ZhuoLi/ChemDBWebVersion/workspace/projects/adam-pi/runs/1,/home/chenghua/ZhuoLi/ChemDBWebVersion/workspace/projects/adam-pi/runs/1/training/ckpts/best.pt
95,-8.949073791503906,247,,CC(C)(C)P(Oc1ccccc1)Oc1ccccc1,quest_247,legacy_quest,False,False,True,,adam-pi_1_best,/home/chenghua/ZhuoLi/ChemDBWebVersion/workspace/projects/adam-pi/runs/1,/home/chenghua/ZhuoLi/ChemDBWebVersion/workspace/projects/adam-pi/runs/1/training/ckpts/best.pt
251,-21.063152313232422,248,,c1ccc(OP(Oc2ccccc2)c2ccccc2)cc1,quest_248,legacy_quest,False,False,True,,adam-pi_1_best,/home/chenghua/ZhuoLi/ChemDBWebVersion/workspace/projects/adam-pi/runs/1,/home/chenghua/ZhuoLi/ChemDBWebVersion/workspace/projects/adam-pi/runs/1/training/ckpts/best.pt
340,-42.70265197753906,249,,Fc1c(F)c(F)c(P(Oc2ccccc2)Oc2ccccc2)c(F)c1F,quest_249,legacy_quest,False,False,True,,adam-pi_1_best,/home/chenghua/ZhuoLi/ChemDBWebVersion/workspace/projects/adam-pi/runs/1,/home/chenghua/ZhuoLi/ChemDBWebVersion/workspace/projects/adam-pi/runs/1/training/ckpts/best.pt
227,-19.056385040283203,250,,CC(C)(C)OP,quest_250,legacy_quest,False,False,True,,adam-pi_1_best,/home/chenghua/ZhuoLi/ChemDBWebVersion/workspace/projects/adam-pi/runs/1,/home/chenghua/ZhuoLi/ChemDBWebVersion/workspace/projects/adam-pi/runs/1/training/ckpts/best.pt
211,-17.474456787109375,251,,POC1CCCCC1,quest_251,legacy_quest,False,False,True,,adam-pi_1_best,/home/chenghua/ZhuoLi/ChemDBWebVersion/workspace/projects/adam-pi/runs/1,/home/chenghua/ZhuoLi/ChemDBWebVersion/workspace/projects/adam-pi/runs/1/training/ckpts/best.pt
60,-6.15177583694458,252,,COP(C)C,quest_252,legacy_quest,False,False,True,,adam-pi_1_best,/home/chenghua/ZhuoLi/ChemDBWebVersion/workspace/projects/adam-pi/runs/1,/home/chenghua/ZhuoLi/ChemDBWebVersion/workspace/projects/adam-pi/runs/1/training/ckpts/best.pt
51,-4.89892578125,253,,COP(C(F)(F)F)C(F)(F)F,quest_253,legacy_quest,False,False,True,,adam-pi_1_best,/home/chenghua/ZhuoLi/ChemDBWebVersion/workspace/projects/adam-pi/runs/1,/home/chenghua/ZhuoLi/ChemDBWebVersion/workspace/projects/adam-pi/runs/1/training/ckpts/best.pt
160,-13.930278778076172,254,,COP(C(C)(C)C)C(C)(C)C,quest_254,legacy_quest,False,False,True,,adam-pi_1_best,/home/chenghua/ZhuoLi/ChemDBWebVersion/workspace/projects/adam-pi/runs/1,/home/chenghua/ZhuoLi/ChemDBWebVersion/workspace/projects/adam-pi/runs/1/training/ckpts/best.pt
36,-2.1687216758728027,255,,COP(C1CCCCC1)C1CCCCC1,quest_255,legacy_quest,False,False,True,,adam-pi_1_best,/home/chenghua/ZhuoLi/ChemDBWebVersion/workspace/projects/adam-pi/runs/1,/home/chenghua/ZhuoLi/ChemDBWebVersion/workspace/projects/adam-pi/runs/1/training/ckpts/best.pt
55,-5.690739631652832,256,,COP(c1ccccc1)c1ccccc1,quest_256,legacy_quest,False,False,True,,adam-pi_1_best,/home/chenghua/ZhuoLi/ChemDBWebVersion/workspace/projects/adam-pi/runs/1,/home/chenghua/ZhuoLi/ChemDBWebVersion/workspace/projects/adam-pi/runs/1/training/ckpts/best.pt
243,-20.06109619140625,257,,CC(C)OP(c1ccccc1)c1ccccc1,quest_257,legacy_quest,False,False,True,,adam-pi_1_best,/home/chenghua/ZhuoLi/ChemDBWebVersion/workspace/projects/adam-pi/runs/1,/home/chenghua/ZhuoLi/ChemDBWebVersion/workspace/projects/adam-pi/runs/1/training/ckpts/best.pt
183,-15.272149085998535,258,,CC(C)P(Oc1ccccc1)C(C)C,quest_258,legacy_quest,False,False,True,,adam-pi_1_best,/home/chenghua/ZhuoLi/ChemDBWebVersion/workspace/projects/adam-pi/runs/1,/home/chenghua/ZhuoLi/ChemDBWebVersion/workspace/projects/adam-pi/runs/1/training/ckpts/best.pt
223,-18.43204689025879,259,,CC(C)(C)P(Oc1ccccc1)C(C)(C)C,quest_259,legacy_quest,False,False,True,,adam-pi_1_best,/home/chenghua/ZhuoLi/ChemDBWebVersion/workspace/projects/adam-pi/runs/1,/home/chenghua/ZhuoLi/ChemDBWebVersion/workspace/projects/adam-pi/runs/1/training/ckpts/best.pt
292,-26.464393615722656,260,,c1ccc(OP(c2ccccc2)c2ccccc2)cc1,quest_260,legacy_quest,False,False,True,,adam-pi_1_best,/home/chenghua/ZhuoLi/ChemDBWebVersion/workspace/projects/adam-pi/runs/1,/home/chenghua/ZhuoLi/ChemDBWebVersion/workspace/projects/adam-pi/runs/1/training/ckpts/best.pt
333,-40.554283142089844,261,,Fc1c(F)c(F)c(P(Oc2ccccc2)c2c(F)c(F)c(F)c(F)c2F)c(F)c1F,quest_261,legacy_quest,False,False,True,,adam-pi_1_best,/home/chenghua/ZhuoLi/ChemDBWebVersion/workspace/projects/adam-pi/runs/1,/home/chenghua/ZhuoLi/ChemDBWebVersion/workspace/projects/adam-pi/runs/1/training/ckpts/best.pt
326,-37.191734313964844,262,,CC(C)P(Oc1ccc(C(C)(C)C)cc1C(C)(C)C)C(C)C,quest_262,legacy_quest,False,False,True,,adam-pi_1_best,/home/chenghua/ZhuoLi/ChemDBWebVersion/workspace/projects/adam-pi/runs/1,/home/chenghua/ZhuoLi/ChemDBWebVersion/workspace/projects/adam-pi/runs/1/training/ckpts/best.pt
252,-21.082876205444336,263,,COP1OCCO1,quest_263,legacy_quest,False,False,True,,adam-pi_1_best,/home/chenghua/ZhuoLi/ChemDBWebVersion/workspace/projects/adam-pi/runs/1,/home/chenghua/ZhuoLi/ChemDBWebVersion/workspace/projects/adam-pi/runs/1/training/ckpts/best.pt
259,-22.513385772705078,264,,CN(C)P1OCCO1,quest_264,legacy_quest,False,False,True,,adam-pi_1_best,/home/chenghua/ZhuoLi/ChemDBWebVersion/workspace/projects/adam-pi/runs/1,/home/chenghua/ZhuoLi/ChemDBWebVersion/workspace/projects/adam-pi/runs/1/training/ckpts/best.pt
133,-11.935222625732422,265,,c1ccccc1P1OCCO1,quest_265,legacy_quest,False,False,True,,adam-pi_1_best,/home/chenghua/ZhuoLi/ChemDBWebVersion/workspace/projects/adam-pi/runs/1,/home/chenghua/ZhuoLi/ChemDBWebVersion/workspace/projects/adam-pi/runs/1/training/ckpts/best.pt
203,-16.66141700744629,266,,CC1CCC(C)N1P(O2)Oc3c2cccc3,quest_266,legacy_quest,False,False,True,,adam-pi_1_best,/home/chenghua/ZhuoLi/ChemDBWebVersion/workspace/projects/adam-pi/runs/1,/home/chenghua/ZhuoLi/ChemDBWebVersion/workspace/projects/adam-pi/runs/1/training/ckpts/best.pt
236,-19.706321716308594,267,,COP1OCCCO1,quest_267,legacy_quest,False,False,True,,adam-pi_1_best,/home/chenghua/ZhuoLi/ChemDBWebVersion/workspace/projects/adam-pi/runs/1,/home/chenghua/ZhuoLi/ChemDBWebVersion/workspace/projects/adam-pi/runs/1/training/ckpts/best.pt
253,-21.13683319091797,268,,CN(C)P1OCCCO1,quest_268,legacy_quest,False,False,True,,adam-pi_1_best,/home/chenghua/ZhuoLi/ChemDBWebVersion/workspace/projects/adam-pi/runs/1,/home/chenghua/ZhuoLi/ChemDBWebVersion/workspace/projects/adam-pi/runs/1/training/ckpts/best.pt
116,-10.558670043945312,269,,c1ccccc1P1OCCCO1,quest_269,legacy_quest,False,False,True,,adam-pi_1_best,/home/chenghua/ZhuoLi/ChemDBWebVersion/workspace/projects/adam-pi/runs/1,/home/chenghua/ZhuoLi/ChemDBWebVersion/workspace/projects/adam-pi/runs/1/training/ckpts/best.pt
255,-21.609935760498047,270,,CN(P1OCCCCO1)C,quest_270,legacy_quest,False,False,True,,adam-pi_1_best,/home/chenghua/ZhuoLi/ChemDBWebVersion/workspace/projects/adam-pi/runs/1,/home/chenghua/ZhuoLi/ChemDBWebVersion/workspace/projects/adam-pi/runs/1/training/ckpts/best.pt
220,-18.22821617126465,271,,CN(C)P1OC(C2=CC=CC=C2)(C3=CC=CC=C3)[C@]4([H])[C@@](OC(C)(C)O4)([H])C(C5=CC=CC=C5)(C6=CC=CC=C6)O1,quest_271,legacy_quest,False,False,True,,adam-pi_1_best,/home/chenghua/ZhuoLi/ChemDBWebVersion/workspace/projects/adam-pi/runs/1,/home/chenghua/ZhuoLi/ChemDBWebVersion/workspace/projects/adam-pi/runs/1/training/ckpts/best.pt
303,-28.588104248046875,272,,CP1Oc2ccccc2-c2ccccc2O1,quest_272,legacy_quest,False,False,True,,adam-pi_1_best,/home/chenghua/ZhuoLi/ChemDBWebVersion/workspace/projects/adam-pi/runs/1,/home/chenghua/ZhuoLi/ChemDBWebVersion/workspace/projects/adam-pi/runs/1/training/ckpts/best.pt
301,-28.253543853759766,273,,COP1Oc2ccccc2-c2ccccc2O1,quest_273,legacy_quest,False,False,True,,adam-pi_1_best,/home/chenghua/ZhuoLi/ChemDBWebVersion/workspace/projects/adam-pi/runs/1,/home/chenghua/ZhuoLi/ChemDBWebVersion/workspace/projects/adam-pi/runs/1/training/ckpts/best.pt
98,-9.30692195892334,274,,CN(C)P1Oc2ccccc2-c2ccccc2O1,quest_274,legacy_quest,False,False,True,,adam-pi_1_best,/home/chenghua/ZhuoLi/ChemDBWebVersion/workspace/projects/adam-pi/runs/1,/home/chenghua/ZhuoLi/ChemDBWebVersion/workspace/projects/adam-pi/runs/1/training/ckpts/best.pt
294,-26.619245529174805,275,,c1ccccc1P1Oc2ccccc2-c2ccccc2O1,quest_275,legacy_quest,False,False,True,,adam-pi_1_best,/home/chenghua/ZhuoLi/ChemDBWebVersion/workspace/projects/adam-pi/runs/1,/home/chenghua/ZhuoLi/ChemDBWebVersion/workspace/projects/adam-pi/runs/1/training/ckpts/best.pt
279,-24.60457992553711,276,,CC(C)N(c1ccccc1)P1Oc2c(C)c(C)cc(C)c2-c2c(C)c(C)cc(C)c2O1,quest_276,legacy_quest,False,False,True,,adam-pi_1_best,/home/chenghua/ZhuoLi/ChemDBWebVersion/workspace/projects/adam-pi/runs/1,/home/chenghua/ZhuoLi/ChemDBWebVersion/workspace/projects/adam-pi/runs/1/training/ckpts/best.pt
228,-19.09122085571289,277,,CN(P1Oc2ccc(CCCC3)c3c2c4c(O1)ccc5c4CCCC5)C,quest_277,legacy_quest,False,False,True,,adam-pi_1_best,/home/chenghua/ZhuoLi/ChemDBWebVersion/workspace/projects/adam-pi/runs/1,/home/chenghua/ZhuoLi/ChemDBWebVersion/workspace/projects/adam-pi/runs/1/training/ckpts/best.pt
327,-37.505882263183594,278,,CP1Oc2c(c3c4ccccc4ccc3O1)c5ccccc5cc2,quest_278,legacy_quest,False,False,True,,adam-pi_1_best,/home/chenghua/ZhuoLi/ChemDBWebVersion/workspace/projects/adam-pi/runs/1,/home/chenghua/ZhuoLi/ChemDBWebVersion/workspace/projects/adam-pi/runs/1/training/ckpts/best.pt
219,-18.22470474243164,279,,CN(C)P1Oc2c(c3c4ccccc4ccc3O1)c5ccccc5cc2,quest_279,legacy_quest,False,False,True,,adam-pi_1_best,/home/chenghua/ZhuoLi/ChemDBWebVersion/workspace/projects/adam-pi/runs/1,/home/chenghua/ZhuoLi/ChemDBWebVersion/workspace/projects/adam-pi/runs/1/training/ckpts/best.pt
323,-35.537025451660156,280,,c1ccccc1P1Oc2c(c3c4ccccc4ccc3O1)c5ccccc5cc2,quest_280,legacy_quest,False,False,True,,adam-pi_1_best,/home/chenghua/ZhuoLi/ChemDBWebVersion/workspace/projects/adam-pi/runs/1,/home/chenghua/ZhuoLi/ChemDBWebVersion/workspace/projects/adam-pi/runs/1/training/ckpts/best.pt
281,-25.143970489501953,281,,CC(c1ccccc1)NP1Oc2c(c3c4ccccc4ccc3O1)c5ccccc5cc2,quest_281,legacy_quest,False,False,True,,adam-pi_1_best,/home/chenghua/ZhuoLi/ChemDBWebVersion/workspace/projects/adam-pi/runs/1,/home/chenghua/ZhuoLi/ChemDBWebVersion/workspace/projects/adam-pi/runs/1/training/ckpts/best.pt
322,-34.84999084472656,282,,CN(Cc1ccccc1)P1Oc2c(c3c4ccccc4ccc3O1)c5ccccc5cc2,quest_282,legacy_quest,False,False,True,,adam-pi_1_best,/home/chenghua/ZhuoLi/ChemDBWebVersion/workspace/projects/adam-pi/runs/1,/home/chenghua/ZhuoLi/ChemDBWebVersion/workspace/projects/adam-pi/runs/1/training/ckpts/best.pt
267,-23.260879516601562,283,,CC(c1ccccc1)N(P1Oc2c(c3c4ccccc4ccc3O1)c5ccccc5cc2)C(C)c1ccccc1,quest_283,legacy_quest,False,False,True,,adam-pi_1_best,/home/chenghua/ZhuoLi/ChemDBWebVersion/workspace/projects/adam-pi/runs/1,/home/chenghua/ZhuoLi/ChemDBWebVersion/workspace/projects/adam-pi/runs/1/training/ckpts/best.pt
260,-22.851470947265625,284,,CN(C)P1Oc2c(C)cc3ccccc3c2-c2c(C)cc3ccccc3c2O1,quest_284,legacy_quest,False,False,True,,adam-pi_1_best,/home/chenghua/ZhuoLi/ChemDBWebVersion/workspace/projects/adam-pi/runs/1,/home/chenghua/ZhuoLi/ChemDBWebVersion/workspace/projects/adam-pi/runs/1/training/ckpts/best.pt
330,-38.76218032836914,285,,CN(C)P1Oc2c(S(=O)(=O)C(F)(F)F)cc3ccccc3c2-c2c(S(=O)(=O)C(F)(F)F)cc3ccccc3c2O1,quest_285,legacy_quest,False,False,True,,adam-pi_1_best,/home/chenghua/ZhuoLi/ChemDBWebVersion/workspace/projects/adam-pi/runs/1,/home/chenghua/ZhuoLi/ChemDBWebVersion/workspace/projects/adam-pi/runs/1/training/ckpts/best.pt
336,-40.94898986816406,286,,CN(P1Oc2cccc3c2C(C(C4)C3)c5c4cccc5O1)C,quest_286,legacy_quest,False,False,True,,adam-pi_1_best,/home/chenghua/ZhuoLi/ChemDBWebVersion/workspace/projects/adam-pi/runs/1,/home/chenghua/ZhuoLi/ChemDBWebVersion/workspace/projects/adam-pi/runs/1/training/ckpts/best.pt
313,-31.832826614379883,287,,c12c3cccc1OP(C4=CC=CC=C4)Oc5cccc6c5C2C(C6)C3,quest_287,legacy_quest,False,False,True,,adam-pi_1_best,/home/chenghua/ZhuoLi/ChemDBWebVersion/workspace/projects/adam-pi/runs/1,/home/chenghua/ZhuoLi/ChemDBWebVersion/workspace/projects/adam-pi/runs/1/training/ckpts/best.pt
305,-29.134449005126953,288,,CC12COP(OC2)OC1,quest_288,legacy_quest,False,False,True,,adam-pi_1_best,/home/chenghua/ZhuoLi/ChemDBWebVersion/workspace/projects/adam-pi/runs/1,/home/chenghua/ZhuoLi/ChemDBWebVersion/workspace/projects/adam-pi/runs/1/training/ckpts/best.pt
295,-26.869384765625,289,,CCC12COP(OC2)OC1,quest_289,legacy_quest,False,False,True,,adam-pi_1_best,/home/chenghua/ZhuoLi/ChemDBWebVersion/workspace/projects/adam-pi/runs/1,/home/chenghua/ZhuoLi/ChemDBWebVersion/workspace/projects/adam-pi/runs/1/training/ckpts/best.pt
306,-29.35645294189453,290,,c12ccccc1C(c3ccccc3O4)c5ccccc5OP4O2,quest_290,legacy_quest,False,False,True,,adam-pi_1_best,/home/chenghua/ZhuoLi/ChemDBWebVersion/workspace/projects/adam-pi/runs/1,/home/chenghua/ZhuoLi/ChemDBWebVersion/workspace/projects/adam-pi/runs/1/training/ckpts/best.pt
41,-2.666332244873047,291,,NP(N)N,quest_291,legacy_quest,False,False,True,,adam-pi_1_best,/home/chenghua/ZhuoLi/ChemDBWebVersion/workspace/projects/adam-pi/runs/1,/home/chenghua/ZhuoLi/ChemDBWebVersion/workspace/projects/adam-pi/runs/1/training/ckpts/best.pt
49,-4.788410186767578,292,,CN(C)P(N(C)C)N(C)C,quest_292,legacy_quest,False,False,True,,adam-pi_1_best,/home/chenghua/ZhuoLi/ChemDBWebVersion/workspace/projects/adam-pi/runs/1,/home/chenghua/ZhuoLi/ChemDBWebVersion/workspace/projects/adam-pi/runs/1/training/ckpts/best.pt
184,-15.304971694946289,293,,CC(C)N(C(C)C)P(N(C(C)C)C(C)C)N(C(C)C)C(C)C,quest_293,legacy_quest,False,False,True,,adam-pi_1_best,/home/chenghua/ZhuoLi/ChemDBWebVersion/workspace/projects/adam-pi/runs/1,/home/chenghua/ZhuoLi/ChemDBWebVersion/workspace/projects/adam-pi/runs/1/training/ckpts/best.pt
218,-18.102405548095703,294,,c1ccn(P(n2cccc2)n2cccc2)c1,quest_294,legacy_quest,False,False,True,,adam-pi_1_best,/home/chenghua/ZhuoLi/ChemDBWebVersion/workspace/projects/adam-pi/runs/1,/home/chenghua/ZhuoLi/ChemDBWebVersion/workspace/projects/adam-pi/runs/1/training/ckpts/best.pt
256,-21.8090763092041,295,,C1CCN(P(N2CCCC2)N2CCCC2)C1,quest_295,legacy_quest,False,False,True,,adam-pi_1_best,/home/chenghua/ZhuoLi/ChemDBWebVersion/workspace/projects/adam-pi/runs/1,/home/chenghua/ZhuoLi/ChemDBWebVersion/workspace/projects/adam-pi/runs/1/training/ckpts/best.pt
329,-38.611114501953125,296,,C1CN(P(N2CCOCC2)N2CCOCC2)CCO1,quest_296,legacy_quest,False,False,True,,adam-pi_1_best,/home/chenghua/ZhuoLi/ChemDBWebVersion/workspace/projects/adam-pi/runs/1,/home/chenghua/ZhuoLi/ChemDBWebVersion/workspace/projects/adam-pi/runs/1/training/ckpts/best.pt
286,-25.741451263427734,297,,C1CCN(P(N2CCCCC2)N2CCCCC2)CC1,quest_297,legacy_quest,False,False,True,,adam-pi_1_best,/home/chenghua/ZhuoLi/ChemDBWebVersion/workspace/projects/adam-pi/runs/1,/home/chenghua/ZhuoLi/ChemDBWebVersion/workspace/projects/adam-pi/runs/1/training/ckpts/best.pt
334,-40.64549255371094,298,,CB(N1P(N2B(NB(NB2C)C)C)N3B(NB(NB3C)C)C)NB(NB1C)C,quest_298,legacy_quest,False,False,True,,adam-pi_1_best,/home/chenghua/ZhuoLi/ChemDBWebVersion/workspace/projects/adam-pi/runs/1,/home/chenghua/ZhuoLi/ChemDBWebVersion/workspace/projects/adam-pi/runs/1/training/ckpts/best.pt
66,-6.528988361358643,299,,c1ccc(N(c2ccccc2)P(N(c2ccccc2)c2ccccc2)N(c2ccccc2)c2ccccc2)cc1,quest_299,legacy_quest,False,False,True,,adam-pi_1_best,/home/chenghua/ZhuoLi/ChemDBWebVersion/workspace/projects/adam-pi/runs/1,/home/chenghua/ZhuoLi/ChemDBWebVersion/workspace/projects/adam-pi/runs/1/training/ckpts/best.pt
85,-8.51729965209961,300,,CN(C)P(C)N(C)C,quest_300,legacy_quest,False,False,True,,adam-pi_1_best,/home/chenghua/ZhuoLi/ChemDBWebVersion/workspace/projects/adam-pi/runs/1,/home/chenghua/ZhuoLi/ChemDBWebVersion/workspace/projects/adam-pi/runs/1/training/ckpts/best.pt
208,-17.27274513244629,301,,COP(N(C)C)N(C)C,quest_301,legacy_quest,False,False,True,,adam-pi_1_best,/home/chenghua/ZhuoLi/ChemDBWebVersion/workspace/projects/adam-pi/runs/1,/home/chenghua/ZhuoLi/ChemDBWebVersion/workspace/projects/adam-pi/runs/1/training/ckpts/best.pt
249,-20.810558319091797,302,,CC(=O)P(N(C)C)N(C)C,quest_302,legacy_quest,False,False,True,,adam-pi_1_best,/home/chenghua/ZhuoLi/ChemDBWebVersion/workspace/projects/adam-pi/runs/1,/home/chenghua/ZhuoLi/ChemDBWebVersion/workspace/projects/adam-pi/runs/1/training/ckpts/best.pt
241,-20.005823135375977,303,,CC(C)N(C(C)C)P(N(C(C)C)C(C)C)C(C)(C)C,quest_303,legacy_quest,False,False,True,,adam-pi_1_best,/home/chenghua/ZhuoLi/ChemDBWebVersion/workspace/projects/adam-pi/runs/1,/home/chenghua/ZhuoLi/ChemDBWebVersion/workspace/projects/adam-pi/runs/1/training/ckpts/best.pt
176,-14.888361930847168,304,,CC(C)N(C(C)C)P(C1CCCCC1)N(C(C)C)C(C)C,quest_304,legacy_quest,False,False,True,,adam-pi_1_best,/home/chenghua/ZhuoLi/ChemDBWebVersion/workspace/projects/adam-pi/runs/1,/home/chenghua/ZhuoLi/ChemDBWebVersion/workspace/projects/adam-pi/runs/1/training/ckpts/best.pt
263,-23.013553619384766,305,,COP(n1cccc1)n1cccc1,quest_305,legacy_quest,False,False,True,,adam-pi_1_best,/home/chenghua/ZhuoLi/ChemDBWebVersion/workspace/projects/adam-pi/runs/1,/home/chenghua/ZhuoLi/ChemDBWebVersion/workspace/projects/adam-pi/runs/1/training/ckpts/best.pt
230,-19.168590545654297,306,,c1ccc(P(n2cccc2)n2cccc2)cc1,quest_306,legacy_quest,False,False,True,,adam-pi_1_best,/home/chenghua/ZhuoLi/ChemDBWebVersion/workspace/projects/adam-pi/runs/1,/home/chenghua/ZhuoLi/ChemDBWebVersion/workspace/projects/adam-pi/runs/1/training/ckpts/best.pt
319,-32.844993591308594,307,,c1ccc(OP(n2cccc2)n2cccc2)cc1,quest_307,legacy_quest,False,False,True,,adam-pi_1_best,/home/chenghua/ZhuoLi/ChemDBWebVersion/workspace/projects/adam-pi/runs/1,/home/chenghua/ZhuoLi/ChemDBWebVersion/workspace/projects/adam-pi/runs/1/training/ckpts/best.pt
205,-16.865917205810547,308,,c1ccc(P(N2CCCCC2)N2CCCCC2)cc1,quest_308,legacy_quest,False,False,True,,adam-pi_1_best,/home/chenghua/ZhuoLi/ChemDBWebVersion/workspace/projects/adam-pi/runs/1,/home/chenghua/ZhuoLi/ChemDBWebVersion/workspace/projects/adam-pi/runs/1/training/ckpts/best.pt
325,-36.30753707885742,309,,c1ccc(OP(N2CCCCC2)N2CCCCC2)cc1,quest_309,legacy_quest,False,False,True,,adam-pi_1_best,/home/chenghua/ZhuoLi/ChemDBWebVersion/workspace/projects/adam-pi/runs/1,/home/chenghua/ZhuoLi/ChemDBWebVersion/workspace/projects/adam-pi/runs/1/training/ckpts/best.pt
210,-17.455707550048828,310,,CC(C)(C)P(N(c1ccccc1)c1ccccc1)N(c1ccccc1)c1ccccc1,quest_310,legacy_quest,False,False,True,,adam-pi_1_best,/home/chenghua/ZhuoLi/ChemDBWebVersion/workspace/projects/adam-pi/runs/1,/home/chenghua/ZhuoLi/ChemDBWebVersion/workspace/projects/adam-pi/runs/1/training/ckpts/best.pt
143,-12.650266647338867,311,,CC(C)N(c1ccccc1)P(c1ccccc1)N(c1ccccc1)C(C)C,quest_311,legacy_quest,False,False,True,,adam-pi_1_best,/home/chenghua/ZhuoLi/ChemDBWebVersion/workspace/projects/adam-pi/runs/1,/home/chenghua/ZhuoLi/ChemDBWebVersion/workspace/projects/adam-pi/runs/1/training/ckpts/best.pt
140,-12.344465255737305,312,,c1ccc(P(n2c3ccccc3c3ccccc32)n2c3ccccc3c3ccccc32)cc1,quest_312,legacy_quest,False,False,True,,adam-pi_1_best,/home/chenghua/ZhuoLi/ChemDBWebVersion/workspace/projects/adam-pi/runs/1,/home/chenghua/ZhuoLi/ChemDBWebVersion/workspace/projects/adam-pi/runs/1/training/ckpts/best.pt
57,-5.873089790344238,313,,CN(C)P(c1ccccc1)c1ccccc1,quest_313,legacy_quest,False,False,True,,adam-pi_1_best,/home/chenghua/ZhuoLi/ChemDBWebVersion/workspace/projects/adam-pi/runs/1,/home/chenghua/ZhuoLi/ChemDBWebVersion/workspace/projects/adam-pi/runs/1/training/ckpts/best.pt
34,-1.680619239807129,314,,CN(C)P(C)C,quest_314,legacy_quest,False,False,True,,adam-pi_1_best,/home/chenghua/ZhuoLi/ChemDBWebVersion/workspace/projects/adam-pi/runs/1,/home/chenghua/ZhuoLi/ChemDBWebVersion/workspace/projects/adam-pi/runs/1/training/ckpts/best.pt
206,-16.9591007232666,315,,COP(OC)N(C)C,quest_315,legacy_quest,False,False,True,,adam-pi_1_best,/home/chenghua/ZhuoLi/ChemDBWebVersion/workspace/projects/adam-pi/runs/1,/home/chenghua/ZhuoLi/ChemDBWebVersion/workspace/projects/adam-pi/runs/1/training/ckpts/best.pt
21,0.9052048921585083,316,,CC(=O)P(C(C)=O)N(C)C,quest_316,legacy_quest,False,False,True,,adam-pi_1_best,/home/chenghua/ZhuoLi/ChemDBWebVersion/workspace/projects/adam-pi/runs/1,/home/chenghua/ZhuoLi/ChemDBWebVersion/workspace/projects/adam-pi/runs/1/training/ckpts/best.pt
189,-15.59929084777832,317,,CC(C)N(C(C)C)P(C(C)(C)C)C(C)(C)C,quest_317,legacy_quest,False,False,True,,adam-pi_1_best,/home/chenghua/ZhuoLi/ChemDBWebVersion/workspace/projects/adam-pi/runs/1,/home/chenghua/ZhuoLi/ChemDBWebVersion/workspace/projects/adam-pi/runs/1/training/ckpts/best.pt
217,-18.08298110961914,318,,CC(C)N(C(C)C)P(C1CCCCC1)C1CCCCC1,quest_318,legacy_quest,False,False,True,,adam-pi_1_best,/home/chenghua/ZhuoLi/ChemDBWebVersion/workspace/projects/adam-pi/runs/1,/home/chenghua/ZhuoLi/ChemDBWebVersion/workspace/projects/adam-pi/runs/1/training/ckpts/best.pt
132,-11.879110336303711,319,,COP(OC)n1cccc1,quest_319,legacy_quest,False,False,True,,adam-pi_1_best,/home/chenghua/ZhuoLi/ChemDBWebVersion/workspace/projects/adam-pi/runs/1,/home/chenghua/ZhuoLi/ChemDBWebVersion/workspace/projects/adam-pi/runs/1/training/ckpts/best.pt
246,-20.489944458007812,320,,c1ccc(P(c2ccccc2)n2cccc2)cc1,quest_320,legacy_quest,False,False,True,,adam-pi_1_best,/home/chenghua/ZhuoLi/ChemDBWebVersion/workspace/projects/adam-pi/runs/1,/home/chenghua/ZhuoLi/ChemDBWebVersion/workspace/projects/adam-pi/runs/1/training/ckpts/best.pt
275,-24.467824935913086,321,,c1ccc(OP(Oc2ccccc2)n2cccc2)cc1,quest_321,legacy_quest,False,False,True,,adam-pi_1_best,/home/chenghua/ZhuoLi/ChemDBWebVersion/workspace/projects/adam-pi/runs/1,/home/chenghua/ZhuoLi/ChemDBWebVersion/workspace/projects/adam-pi/runs/1/training/ckpts/best.pt
285,-25.718477249145508,322,,c1ccc(P(c2ccccc2)N2CCCCC2)cc1,quest_322,legacy_quest,False,False,True,,adam-pi_1_best,/home/chenghua/ZhuoLi/ChemDBWebVersion/workspace/projects/adam-pi/runs/1,/home/chenghua/ZhuoLi/ChemDBWebVersion/workspace/projects/adam-pi/runs/1/training/ckpts/best.pt
298,-27.380126953125,323,,c1ccc(OP(Oc2ccccc2)N2CCCCC2)cc1,quest_323,legacy_quest,False,False,True,,adam-pi_1_best,/home/chenghua/ZhuoLi/ChemDBWebVersion/workspace/projects/adam-pi/runs/1,/home/chenghua/ZhuoLi/ChemDBWebVersion/workspace/projects/adam-pi/runs/1/training/ckpts/best.pt
121,-11.17823314666748,324,,CC(C)(C)P(N(c1ccccc1)c1ccccc1)C(C)(C)C,quest_324,legacy_quest,False,False,True,,adam-pi_1_best,/home/chenghua/ZhuoLi/ChemDBWebVersion/workspace/projects/adam-pi/runs/1,/home/chenghua/ZhuoLi/ChemDBWebVersion/workspace/projects/adam-pi/runs/1/training/ckpts/best.pt
198,-15.99086856842041,325,,c1ccc(N(c2ccccn2)P(C2CCCCC2)C2CCCCC2)nc1,quest_325,legacy_quest,False,False,True,,adam-pi_1_best,/home/chenghua/ZhuoLi/ChemDBWebVersion/workspace/projects/adam-pi/runs/1,/home/chenghua/ZhuoLi/ChemDBWebVersion/workspace/projects/adam-pi/runs/1/training/ckpts/best.pt
229,-19.12427520751953,326,,c1ccc(P(c2ccccc2)N(c2ccccn2)c2ccccn2)cc1,quest_326,legacy_quest,False,False,True,,adam-pi_1_best,/home/chenghua/ZhuoLi/ChemDBWebVersion/workspace/projects/adam-pi/runs/1,/home/chenghua/ZhuoLi/ChemDBWebVersion/workspace/projects/adam-pi/runs/1/training/ckpts/best.pt
152,-13.371194839477539,327,,COP1NCCN1,quest_327,legacy_quest,False,False,True,,adam-pi_1_best,/home/chenghua/ZhuoLi/ChemDBWebVersion/workspace/projects/adam-pi/runs/1,/home/chenghua/ZhuoLi/ChemDBWebVersion/workspace/projects/adam-pi/runs/1/training/ckpts/best.pt
141,-12.39533805847168,328,,CN(C)P1NCCN1,quest_328,legacy_quest,False,False,True,,adam-pi_1_best,/home/chenghua/ZhuoLi/ChemDBWebVersion/workspace/projects/adam-pi/runs/1,/home/chenghua/ZhuoLi/ChemDBWebVersion/workspace/projects/adam-pi/runs/1/training/ckpts/best.pt
123,-11.240367889404297,329,,c1ccc(P2NCCN2)cc1,quest_329,legacy_quest,False,False,True,,adam-pi_1_best,/home/chenghua/ZhuoLi/ChemDBWebVersion/workspace/projects/adam-pi/runs/1,/home/chenghua/ZhuoLi/ChemDBWebVersion/workspace/projects/adam-pi/runs/1/training/ckpts/best.pt
18,1.9847412109375,330,,CN1CCN(C)P1c1ccccc1,quest_330,legacy_quest,False,False,True,,adam-pi_1_best,/home/chenghua/ZhuoLi/ChemDBWebVersion/workspace/projects/adam-pi/runs/1,/home/chenghua/ZhuoLi/ChemDBWebVersion/workspace/projects/adam-pi/runs/1/training/ckpts/best.pt
337,-41.7144775390625,331,,O=C1C(CCC2=O)N2P(OC3=CC=CC=C3)N1C4=CC=CC=C4,quest_331,legacy_quest,False,False,True,,adam-pi_1_best,/home/chenghua/ZhuoLi/ChemDBWebVersion/workspace/projects/adam-pi/runs/1,/home/chenghua/ZhuoLi/ChemDBWebVersion/workspace/projects/adam-pi/runs/1/training/ckpts/best.pt
239,-19.7390193939209,332,,CP1=NC=CN=C1,quest_332,legacy_quest,False,False,True,,adam-pi_1_best,/home/chenghua/ZhuoLi/ChemDBWebVersion/workspace/projects/adam-pi/runs/1,/home/chenghua/ZhuoLi/ChemDBWebVersion/workspace/projects/adam-pi/runs/1/training/ckpts/best.pt
250,-20.91666030883789,333,,c1ccccc1P1=NC=CN=C1,quest_333,legacy_quest,False,False,True,,adam-pi_1_best,/home/chenghua/ZhuoLi/ChemDBWebVersion/workspace/projects/adam-pi/runs/1,/home/chenghua/ZhuoLi/ChemDBWebVersion/workspace/projects/adam-pi/runs/1/training/ckpts/best.pt
200,-16.135578155517578,334,,CN(C)P1NCCCN1,quest_334,legacy_quest,False,False,True,,adam-pi_1_best,/home/chenghua/ZhuoLi/ChemDBWebVersion/workspace/projects/adam-pi/runs/1,/home/chenghua/ZhuoLi/ChemDBWebVersion/workspace/projects/adam-pi/runs/1/training/ckpts/best.pt
177,-14.980609893798828,335,,c1ccc(P2NCCCN2)cc1,quest_335,legacy_quest,False,False,True,,adam-pi_1_best,/home/chenghua/ZhuoLi/ChemDBWebVersion/workspace/projects/adam-pi/runs/1,/home/chenghua/ZhuoLi/ChemDBWebVersion/workspace/projects/adam-pi/runs/1/training/ckpts/best.pt
22,0.803776741027832,336,,CN1CCCN(C)P1c1ccccc1,quest_336,legacy_quest,False,False,True,,adam-pi_1_best,/home/chenghua/ZhuoLi/ChemDBWebVersion/workspace/projects/adam-pi/runs/1,/home/chenghua/ZhuoLi/ChemDBWebVersion/workspace/projects/adam-pi/runs/1/training/ckpts/best.pt
309,-29.799806594848633,337,,CN(CCC(CCN1C)C2)P1N2C,quest_337,legacy_quest,False,False,True,,adam-pi_1_best,/home/chenghua/ZhuoLi/ChemDBWebVersion/workspace/projects/adam-pi/runs/1,/home/chenghua/ZhuoLi/ChemDBWebVersion/workspace/projects/adam-pi/runs/1/training/ckpts/best.pt
344,-59.86373519897461,338,,CC(CN(CCC(CCN1CC(C)C)C2)P1N2CC(C)C)C,quest_338,legacy_quest,False,False,True,,adam-pi_1_best,/home/chenghua/ZhuoLi/ChemDBWebVersion/workspace/projects/adam-pi/runs/1,/home/chenghua/ZhuoLi/ChemDBWebVersion/workspace/projects/adam-pi/runs/1/training/ckpts/best.pt
302,-28.540828704833984,339,,Cc1cc(C(C)(C)C)c(OP(C)Cl)cc1C(C)(C)C,quest_339,legacy_quest,False,False,True,,adam-pi_1_best,/home/chenghua/ZhuoLi/ChemDBWebVersion/workspace/projects/adam-pi/runs/1,/home/chenghua/ZhuoLi/ChemDBWebVersion/workspace/projects/adam-pi/runs/1/training/ckpts/best.pt
232,-19.49825668334961,340,,CC(C)(C)P(Cl)C1CCCCC1,quest_340,legacy_quest,False,False,True,,adam-pi_1_best,/home/chenghua/ZhuoLi/ChemDBWebVersion/workspace/projects/adam-pi/runs/1,/home/chenghua/ZhuoLi/ChemDBWebVersion/workspace/projects/adam-pi/runs/1/training/ckpts/best.pt
288,-26.06175994873047,341,,CC(C)(C)P(O)C1CCCCC1,quest_341,legacy_quest,False,False,True,,adam-pi_1_best,/home/chenghua/ZhuoLi/ChemDBWebVersion/workspace/projects/adam-pi/runs/1,/home/chenghua/ZhuoLi/ChemDBWebVersion/workspace/projects/adam-pi/runs/1/training/ckpts/best.pt
113,-10.14021110534668,342,,CC(=O)P(C)c1ccccc1,quest_342,legacy_quest,False,False,True,,adam-pi_1_best,/home/chenghua/ZhuoLi/ChemDBWebVersion/workspace/projects/adam-pi/runs/1,/home/chenghua/ZhuoLi/ChemDBWebVersion/workspace/projects/adam-pi/runs/1/training/ckpts/best.pt
300,-28.06086540222168,343,,CC(C)(C)P(c1ccccc1)c1c(F)c(F)c(F)c(F)c1F,quest_343,legacy_quest,False,False,True,,adam-pi_1_best,/home/chenghua/ZhuoLi/ChemDBWebVersion/workspace/projects/adam-pi/runs/1,/home/chenghua/ZhuoLi/ChemDBWebVersion/workspace/projects/adam-pi/runs/1/training/ckpts/best.pt
257,-22.030982971191406,344,,CC(C)(C)P(Oc1ccccc1)c1ccccc1,quest_344,legacy_quest,False,False,True,,adam-pi_1_best,/home/chenghua/ZhuoLi/ChemDBWebVersion/workspace/projects/adam-pi/runs/1,/home/chenghua/ZhuoLi/ChemDBWebVersion/workspace/projects/adam-pi/runs/1/training/ckpts/best.pt
343,-53.65717315673828,345,,CC(C)(C)P(Oc1ccccc1)c1c(F)c(F)c(F)c(F)c1F,quest_345,legacy_quest,False,False,True,,adam-pi_1_best,/home/chenghua/ZhuoLi/ChemDBWebVersion/workspace/projects/adam-pi/runs/1,/home/chenghua/ZhuoLi/ChemDBWebVersion/workspace/projects/adam-pi/runs/1/training/ckpts/best.pt
342,-53.034942626953125,346,,Fc1c(F)c(F)c(P(Oc2ccccc2)c2ccccc2)c(F)c1F,quest_346,legacy_quest,False,False,True,,adam-pi_1_best,/home/chenghua/ZhuoLi/ChemDBWebVersion/workspace/projects/adam-pi/runs/1,/home/chenghua/ZhuoLi/ChemDBWebVersion/workspace/projects/adam-pi/runs/1/training/ckpts/best.pt
258,-22.28892707824707,347,,Cc1c(OP(Oc2c(C)cc(OC)cc2c3cc(OC)cc(C)c3OC)C4=CC=CC=C4)c(C)ccc1,quest_347,legacy_quest,False,False,True,,adam-pi_1_best,/home/chenghua/ZhuoLi/ChemDBWebVersion/workspace/projects/adam-pi/runs/1,/home/chenghua/ZhuoLi/ChemDBWebVersion/workspace/projects/adam-pi/runs/1/training/ckpts/best.pt
341,-43.97480392456055,348,,Cc1c(OP2Oc3c(c4ccccc42)cccc3)c(c5cc(OC)cc(C)c5OC)cc(OC)c1,quest_348,legacy_quest,False,False,True,,adam-pi_1_best,/home/chenghua/ZhuoLi/ChemDBWebVersion/workspace/projects/adam-pi/runs/1,/home/chenghua/ZhuoLi/ChemDBWebVersion/workspace/projects/adam-pi/runs/1/training/ckpts/best.pt
